year,country,cp_membership,cp_membership_num,as_of,legal_status,sino-soviet_dispute,pdf_page,notes
1963,UK,32500 (estimate),32500,,,,6,"""potential for exercising influence out of all proportion to their numbers"""
1963,Ireland,100-150 (estimate),125,,,,6,"""not believed to have any significant influence"""
1963,Netherlands,12000 (estimate),12000,,,,8,
1963,Belgium,11000 (estimate),11000,,,,10,
1963,Luxembourg,500 (estimate),500,,,,10,
1963,France,"240000 (estimate), 429000 (claim)",240000,,,,12,
1963,Italy,"1200000-1500000 (estimate), 1729000 (claim Oct 1961)",1350000,,,,14,"""has supporters in almost every social class and in every geographic area of Italy"""
1963,Spain,5000 (estimate),5000,,,,16,
1963,Portugal,2000 (estimate),2000,,,,16,"""a number of fairly regular periodicals, including *Avante* (Forward), the official monthly. This domestic propaganda is supplemented by short daily broadcasts in Portuguese from *Radio Moscow*"""
1963,Switzerland,6000 (estimate),6000,,,,18,"""no appreciable influence among the essentially conservative Swiss population"""
1963,Austria,50000 (estimate),50000,,,,18,
1963,Germany (Federal Republic of Germany),35000-50000 (estimate),42500,,,,20,
1963,Germany (West Berlin),Less than 5000 (estimate),2500,,,,20,"""organized as part of the East German SED […] However, the actual influence of the SED in West Berlin is nil."""
1963,Germany (German Democratic Republic and East Berlin),"1610000 (official claim, Dec. 31, 1961)",1610000,,,,20,
1963,Iceland,950-1000 (estimate),975,,,,22,
1963,Denmark,5000 (estimate),5000,,,,22,
1963,Norway,4000-5000 (estimate),4500,,,,24,
1963,Sweden,25000 (estimate),25000,,,,24,
1963,Finland,40000 (estimate),40000,,,,26,"""Communist influence is strongest in Lapland, the underdeveloped northernmost province of Finland, and in urban industrial centers."""
1963,Albania,"""About"" 53000 members (official claim, Nov. 1962)",53000,,,,28,
1963,Bulgaria,"506261 members, 22413 candidate members (official claim, Nov. 1962)",528674,,,,28,"""plagued by factional and power struggles which resulted in a major purge of Stalinists"""
1963,Czechoslovakia,"1680819 members, 92230 candidates (claim Oct. 1, 1962)",1773049,,,,30,
1963,Hungary,"511565 members (official claim, Nov. 1962)",511565,,,,30,
1963,Poland,"1123151 members & 213808 candidates (official claim as of March 31, 1962)",1336959,,,,32,
1963,Rumania,"875394 (official claim, May 1962)",875394,,,,32,
1963,USSR,Over 10 million (official claim),10000000,,,,34,
1963,Yugoslavia,"Approximately 1 million (official claim, July 1962)",1000000,,,,36,
1963,Algeria,5000-6000 (estimate),5500,,,,38,
1963,Morocco,1000-1500 (estimate),1250,,,,38,
1963,Tunisia,1000 (estimate),1000,,,,40,
1963,Libya,No organized party,0,,,,40,
1963,Sudan,1500 members (estimate),1500,,,,42,
1963,Ethiopia,No organized party,0,,,,42,
1963,Somali Republic,No organized party,0,,,,42,
1963,Tanganyika,No organized party,0,,,,44,
1963,Uganda,No organized party,0,,,,44,
1963,Kenya,No organized party,0,,,,44,
1963,Zanzibar (British Protectorate),Estimate Unavailable,N/A,,,,46,"""probably small"""
1963,Mauritius (British Colony),No organized party,0,,,,46,
1963,"Portuguese Africa (Angola, Mozambique, and Portuguese Guinea)",No organized party,0,,,,48,
1963,"Spanish Africa (Spanish Sahara, Ifni, Rio Muni, Fernando Po)",No organized party,0,,,,48,
1963,Federation of Rhodesia and Nyasaland,No organized party,0,,,,50,
1963,Republic of South Africa,800 (estimate),800,,,,50,
1963,Basutoland,Probably less than 100,50,,,,50,
1963,Ivory Coast,No organized party,0,,,,52,
1963,Dahomey,No organized party,0,,,,52,
1963,Niger,No organized party,0,,,,52,
1963,Upper Volta,No organized party,0,,,,52,
1963,Cameroon,No organized party (Union des Populations du Cameroun),0,,,,52,
1963,Central African Republic,No organized party,0,,,,52,
1963,Chad,No organized party,0,,,,54,
1963,Republic of Congo (Brazzaville),No organized party,0,,,,54,
1963,Gabon,No organized party,0,,,,54,
1963,Senegal,No organized party,0,,,,56,
1963,Mauritania,No organized party,0,,,,56,
1963,Malagasy Republic (Madagascar),No organized party,0,,,,56,
1963,Guinea,No organized party,0,,,,58,
1963,Ghana,No organized party,0,,,,58,
1963,Mali,No organized party,0,,,,60,
1963,Sierra Leone,No organized party,0,,,,60,
1963,Liberia,No organized party,0,,,,60,
1963,Togo,No organized party,0,,,,62,
1963,Nigeria,Less than 500 (estimate),250,,,,62,
1963,Gambia (British Colony and Protectorate),No organized party,0,,,,62,
1963,Republic of the Congo (Leopoldville),Very small,0,,,,64,
1963,Republic of Rwanda/Kingdom of Burundi,No organized party,0,,,,64,
1963,Greece,20000 (estimate),20000,,,,66,
1963,Cyprus,"About 10000 (estimate), 10432 (claim as of May 1962)",10000,,,,68,
1963,United Arab Republic,1000 (estimate),1000,,,,70,
1963,Syria,Under 2000 (estimate),1000,,,,70,
1963,Lebanon,300 (estimate),300,,,,70,
1963,Iran,1000-2000 (estimate),1500,,,,70,
1963,Jordan,200 (estimate),200,,,,72,
1963,Turkey,Under 1000,500,,,,72,
1963,Israel,Less than 2000 of whom 500 are Arabs (estimate),1000,,,,72,
1963,Saudi Arabia,Negligible,0,,,,74,
1963,The Yemen,Negligible,0,,,,74,
1963,Kuwait,Negligible,0,,,,74,
1963,Bahrein,Negligible,0,,,,74,
1963,Iraq,800-1000 (estimate),900,,,,74,
1963,Afghanistan,No organized party,0,,,,76,
1963,Pakistan,2000-4000 in East Pakistan; 200-400 in West Pakistan (estimate),3300,,,,76,"[Pakistan having a ""law"" in 1908 makes zero sense but ok…]"
1963,India,150000 (estimate),150000,,,,78,
1963,Ceylon,"Communist Party of Ceylon (CCP) 3500 (estimate), Trotskyites 1400 (estimate), Independent Communists 650 (estimate)",3500,,,,80,
1963,Nepal,3000 (estimate),3000,,,,80,
1963,Burma,5000 (estimate) of which 1500 are in the Burma Communist Party underground and 500 or less are in the Communist Party (Burma),5000,,,,82,
1963,Thailand,No estimate available,N/A,,,,82,
1963,Federation of Malaya,400 (estimate),400,,,,84,
1963,Singapore,400 (estimate),400,,,,84,
1963,Republic of Vietnam (South Vietnam),Estimate unavailable. Estimates of communist guerrilla movement vary up to 20000 in hard-core personnel and many thousands more in part-time personnel.,20000,,,,86,
1963,"North Vietnam (""Democratic Republic of Vietnam"")",600000 to 700000 (estimate),650000,,,,86,
1963,Laos,100 (estimate),100,,,,88,
1963,Cambodia,about 100 (estimate),100,,,,88,
1963,Republic of China,Negligible,0,,,,90,
1963,Hong Kong,(estimate unavailable),N/A,,,,90,
1963,"Outer Mongolia (""Mongolian People's Republic"")",46000 (claim),46000,,,,90,
1963,"Communist China (""People's Republic of China"")",Over 17 million (1961 claim),17000000,,,,92,
1963,"North Korea (""Democratic People's Republic of Korea"")","1311563 (official claim, Aug. 1, 1961)",1311563,,,,94,
1963,Republic of Korea (South Korea),Negligible,0,,,,94,
1963,Japan,"100000 (estimate), 100000 (claim, July 1962)",100000,,,,96,
1963,Indonesia,"1900000 (estimate), ""More than 2000000"" (claim as of Dec. 1962)",1900000,,,,98,
1963,New Zealand,500 or less (estimate),500,,,,100,
1963,Australia,6000 or less (estimate),6000,,,,100,
1963,Philippines,"1500-2000 including some 300-500 Huks (estimate), 300-400 Chinese Communists (estimate)",1750,,,,100,
1963,Canada,3000-4000 (estimate),3500,,,,102,
1963,British Guiana,No organized movement,0,,,,104,
1963,Trinidad,Negligible,0,,,,106,
1963,Jamaica,Negligible,0,,,,106,
1963,The West Indies,Negligible,0,,,,106,British dependent territories
1963,Martinique,700 (estimate),700,,,,108,French overseas departments in Western Hemisphere
1963,Guadeloupe,1000 (estimate),1000,,,,108,French overseas departments in Western Hemisphere
1963,French Guiana,Negligible,0,,,,108,French overseas departments in Western Hemisphere
1963,Aruba,No organized parties,0,,,,110,Netherlands Possessions: West Indies
1963,Bonaire,No organized parties,0,,,,110,Netherlands Possessions: West Indies
1963,Curacao,No organized parties,0,,,,110,Netherlands Possessions: West Indies
1963,Windward Islands,No organized parties,0,,,,110,Netherlands Possessions: West Indies
1963,Surinam,No organized party,0,,,,112,Netherlands Possessions (Surinam)
1963,Cuba,60000 (estimate),60000,,,,114,
1963,Haiti,Unknown,N/A,,,,114,
1963,Dominican Republic,Unknown,N/A,,,,114,
1963,Mexico,"PCM 5000-6000 (estimate), POCM 100-200 (estimate), PPS 70000 (estimate)",75650,,,,116,
1963,Guatemala,1000-1100 (estimate),1050,,,,116,
1963,Honduras,1500-2000 (estimate),1750,,,,116,
1963,El Salvador,500 (estimate),500,,,,118,
1963,Nicaragua,200-300 (estimate),250,,,,118,
1963,Costa Rica,About 300 (estimate),300,,,,120,
1963,Panama,About 150 (estimate),150,,,,120,
1963,Colombia,(8000-10000) (estimate),9000,,,,122,
1963,Venezuela,About 30000 (estimate),30000,,,,122,
1963,Brazil,"Brazilian Communist Party (PCB) 25000-35000 (estimate), Communist Party of Brazil (dissidents) 1000 (estimate)",31000,,,,124,
1963,Paraguay,3000 to 4000 (estimate),3500,,,,124,
1963,Argentina,40000-50000 (estimate),45000,,,,126,
1963,Uruguay,3000-5000 (estimate),4000,,,,126,
1963,Chile,20000-25000 (estimate),22500,,,,128,
1963,Bolivia,Bolivian Communist Party (PCB) 4000 to 5000 (estimate); Revolutionary Workers Party (PQR) (Trotskyite) 3000 to 4000 (estimate); Party of the Revolutionary Left (PIR) 1000 (estimate),5500,,,,128,
1963,Ecuador,2000-3000 (estimate),2500,,,,130,
1963,Peru,8000-10000 (estimate),9000,,,,130,
1964,Aden,Very small,0,,,,49,
1964,Afghanistan,No known members,0,,,,40,
1964,Albania,53000 (claim),53000,,In power,Pro-Chinese,21,
1964,Algeria,5000 (estimate),5000,,Proscribed 11/62,Pro-Soviet,50,
1964,Angola,Nil,0,,,,50,
1964,Argentina,45000 (estimate),45000,,Proscribed 1959,Pro-Soviet,79,
1964,Aruba,Nil,0,,,,68,
1964,Australia,6000 (estimate),6000,,,Pro-Soviet,30,
1964,Austria,35000 (estimate),35000,,,Internal factions,9,
1964,Bahrain,Negligible,0,,,,49,
1964,Barbados,Nil,0,,,,65,
1964,Basutoland,Less than 100 (estimate),50,,,No stand taken,50,
1964,Bechuanaland,Nil,0,,,,,
1964,Belgium,11000 (estimate) 2,11000,,,Open split,,
1964,"Berlin, West -- Part of East German Party",,,,,,,
1964,Bolivia,6500 (est) 3,6500,,,2 Pro-Soviet; 1 Pro-Chinese,,
1964,Bonaire,Nil,0,,,,,
1964,Brazil,31000 (est) 2,31000,,Proscribed 1947,Open split,,
1964,British Dependencies (West. Hemisphere) -- Listed separately,,,,,,,
1964,Bulgaria,506261 (claim),506261,,In power,Pro-Soviet,,
1964,Burma,5000 (est) 3,5000,,Proscribed 10/63,1 Pro-Soviet; 2 Pro-Chinese,,
1964,Burundi,Nil,0,,,,,
1964,Cambodia,100 (est),100,,No position taken,,,
1964,Cameroon,Nil,0,,,,,
1964,Canada,3500 (est),3500,,Pro-Soviet,,,
1964,Central African Republic,Nil,0,,,,,
1964,Ceylon,5000 (est) 3,5000,,Open split,,,
1964,Chad,Nil,0,,,,,
1964,Chile,25000 (est),25000,,Pro-Soviet,,,
1964,"China, Communist",18000000 (est),18000000,,In power,(China),,
1964,"China, Republic of",Negligible,0,,Proscribed 7/47,,,
1964,Colombia,11000 (est),11000,,,Pro-Soviet,,
1964,Congo (Brazzaville),Nil,0,,,,,
1964,Congo (Leopoldville),Very small,0,,,,,
1964,Costa Rica,300 (est),300,,Proscribed 7/48,Pro-Soviet,,
1964,Cuba,28000 (est),28000,,In power,Independent -- more pro-Soviet,,
1964,Curacao,Nil,0,,,,,
1964,Cyprus,10000 (est),10000,,Pro-Soviet,,,
1964,Czechoslovakia,1624197 (claim),1624197,,In power,Pro-Soviet,,
1964,Dahomey,Nil,0,,,,,[Now part of Benin]
1964,Denmark,5000 (est),5000,,,Pro-Soviet,,
1964,Dominican Republic,Unknown,N/A,,Proscribed 1947 and 1963,Pro-Soviet,,
1964,Ecuador,2500 (est),2500,,Proscribed 7/63,Internal factions,,
1964,Egypt (see UAR),,,,,,,
1964,El Salvador,500 (est),500,,Proscribed 1928,Pro-Soviet,,
1964,Ethiopia,Nil,0,,All parties proscribed,,,
1964,Fernando Po,Nil,0,,,,,[Now part of Equatorial Guinea]
1964,Finland,40000 (est),40000,,,Pro-Soviet,,
1964,France,260000 (est),260000,,,Pro-Soviet,,
1964,French Overseas Departments listed separately (West. Hemisphere),,,,,,,
1964,Gabon,Nil,0,,,,,
1964,Gambia,Nil,0,,,,,
1964,"Germany, East",1610679 (claim),1610679,,In power,Pro-Soviet,,
1964,"Germany, West",50000 (est),50000,,Proscribed 8/56,Pro-Soviet,,
1964,Ghana,Nil,0,,,,,
1964,Greece,20000 (est),20000,,Proscribed 12/47,Pro-Soviet,,
1964,Guadeloupe,1000 (est),1000,,,Probably Pro-Soviet,,
1964,Guatemala,1300 (est),1300,,Proscribed 1956 and 1963,Pro-Soviet,,
1964,"Guiana, British",No organized party,0,,,,,
1964,"Guiana, French",Negligible,0,,,,,
1964,Guinea,Nil,0,,,,,
1964,"Guinea, Portuguese",Nil,0,,,,,
1964,Haiti,Unknown,N/A,,Proscribed 2/48,,,
1964,Honduras,2400 (est) 2,2400,,Proscribed 12/57,Pro-Soviet,,
1964,Hong Kong,Part of Chinese Party,N/A,,Proscribed 1949,,,
1964,Hungary,520000 (claim),520000,,In power,Pro-Soviet,,
1964,Iceland,1000 (est),1000,,Internal factions,,,
1964,Ifni,Nil,0,,,,,
1964,India,120000 (est),120000,,,Internal factions,,
1964,Indonesia,1900000 (est),1900000,,,Leaning to Peiping,,
1964,Iran,1500 (est),1500,,Proscribed 1949,No stand taken,,
1964,Iraq,15000 (est),15000,,Proscribed 1/60,No stand taken,,
1964,Ireland,100 (est),100,,,No stand taken,,
1964,Israel,2000 (est),2000,,,Pro-Soviet,,
1964,Italy,1350000 (est),1350000,,,Pro-Soviet,,
1964,Ivory Coast,Nil,0,,Proscribed 1/63,,,
1964,Jamaica,Nil,0,,,,,
1964,Japan,115000 (est),115000,,,Pro-Chinese,,
1964,Jordan,200 (est),200,,All parties proscribed 1957,Pro-Soviet,,
1964,Kenya,Nil,0,,,,,
1964,"Korea, North",1300000 (est),1300000,,In power,Pro-Chinese,,
1964,"Korea, South",Negligible,0,,Proscribed 12/48,,,
1964,Kuwait,Negligible,0,,,,,
1964,Laos,100 (est),100,,,Pro-Chinese,,
1964,Lebanon,3500 (est),3500,,Proscribed 1939,Pro-Soviet,,
1964,Leward Islands,Nil,0,,,,,
1964,Liberia,Nil,0,,,,,
1964,Libya,Nil,0,,,,,
1964,Luxembourg,500 (est),500,,,Pro-Soviet,,
1964,Malaysia,2000 (est),2000,,Proscribed 7/48,Pro-Chinese,,
1964,Malagasy,Less than 100 (est),50,,,"Self-styled ""Titoist""",,
1964,Mali,Nil,0,,,,,
1964,Martinique,700 (est),700,,,Probably Pro-Soviet,,
1964,Mauritania,Nil,0,,,,,
1964,Mauritius,Nil,0,,,,,
1964,Mexico,50000 (est) (4),50000,,,Open split,,
1964,"Mongolia, Outer",46000 (claim),46000,,In power,Pro-Soviet,,
1964,Morocco,1250 (est),1250,,Proscribed 12/52,Pro-Soviet,,
1964,Mozambique,Nil,0,,,,,
1964,Nepal,3500 (est),3500,,All parties proscribed 1960,Internal factions,,
1964,Netherlands,12000 (est),12000,,,Pro-Soviet,,
1964,Netherlands Possessions (West. Hemisphere),Nil,0,,,,,
1964,New Zealand,500 (est),500,,,Pro-Chinese,,
1964,Nicaragua,250 (est),250,,Proscribed 1945,Pro-Soviet,,
1964,Niger,Nil,0,,,,,
1964,Nigeria,Less than 100 (est),50,,,No stand taken,,
1964,Northern Rhodesia,Nil,0,,,,,
1964,Norway,4500 (est),4500,,,Internal factions,,
1964,Nyasaland,Nil,0,,,,,[Now called Malawi]
1964,Pakistan,3000 (est),3000,,Proscribed 7/54,No stand taken,,
1964,Panama,400 (est),400,,Proscribed 12/53,Pro-Soviet,,
1964,Paraguay,3500 (est) 2,3500,,Proscribed 10/36,Open split,,
1964,Peru,8500 (est),8500,,Proscribed 1936,Apparently Pro-Chinese,,
1964,Philippines,1800 (est) 2,1800,,Proscribed 6/57,No stand taken,,
1964,Poland,1474521 (claim),1474521,,In power,Pro-Soviet,,
1964,Portugal,2000 (est),2000,,Proscribed 1926,Pro-Soviet,,
1964,Portuguese Africa,Nil,0,,,,,
1964,Rio Muni,Nil,0,,,,,[The continental region of Equatorial Guinea]
1964,Rumania,1240000 (claim),1240000,,In power,Tries to be neutral,,
1964,Rwanda,Nil,0,,,,,
1964,San Marino -- Part of Italian Party,,,,,,,
1964,Saudi Arabia,Nil,0,,,,,
1964,Senegal,Nil,0,,,,,
1964,Sierra Leone,Nil,0,,,,,
1964,Somalia,Nil,0,,,,,
1964,South Africa,800 (est),800,,Proscribed 6/50,Pro-Soviet,,
1964,Southern Rhodesia,Nil,0,,,,,
1964,Spain,5000 (est),5000,,Proscribed 2/39,Pro-Soviet,,
1964,Spanish Africa,Nil,0,,,,,
1964,Spanish Sahara,See above,0,,,,,
1964,Sudan,1500 (est),1500,,All parties proscribed 11/58,Pro-Soviet,,
1964,Surinam,Nil,0,,,,,
1964,Swaziland,Nil,0,,,,,
1964,Sweden,20000 (est),20000,,,Pro-Soviet,,
1964,Switzerland,Less than 6000 (est) 2,3000,,,Open split,,
1964,Syria,4500 (est),4500,,Proscribed 1939,Pro-Soviet,,
1964,Tanganyika,Nil,0,,,,,
1964,Thailand,No est. available,N/A,,Proscribed 11/52,Probably Pro-Chinese,,
1964,Togo,Nil,0,,,,,
1964,Trinidad & Tobago,Very small,0,,,,,
1964,Tunisia,1000 (est),1000,,Proscribed 1/63,No stand taken,,
1964,Turkey,1000 (est),1000,,Proscribed 1925,No stand taken,,
1964,Uganda,Nil,0,,,,,
1964,USSR,11000000 (est),11000000,,In power,(Soviet),,
1964,United Arab Republic,1000 (est),1000,,Proscribed 1/54,No stand taken,,
1964,UK,34372 (claim),34372,,,Pro-Soviet,,
1964,Upper Volta,Nil,0,,,,,
1964,Uruguay,10000 (est),10000,,,Pro-Soviet,,
1964,Venezuela,30000 (est),30000,,"""Suspended"" 5/62",No stand taken,,
1964,"Vietnam, North",600000 (est),600000,,In power,Pro-Chinese,,
1964,"Vietnam, South",Est. 20000 hard core,20000,,Proscribed 10/56,Probably favors Peking,,
1964,West Indies (British),Nil,0,,,,,
1964,West Indies (Netherlands),Nil,0,,,,,
1964,Yemen,Negligible,0,,,,,
1964,Yugoslavia,1035003 (claim),1035003,,In power,Pro-Soviet,,
1964,Zanzibar,No est. available,N/A,,,No stand taken,,
1965,Aden,Very small,0,,,,,
1965,Afghanistan,No known members,0,,,,,
1965,Albania,53000 (claim),53000,,In power,Pro-Chinese,,
1965,Algeria,5500 (est),5500,,Proscribed 11/62,Pro-Soviet,,
1965,Angola,Nil,0,,,,,
1965,Argentina,65000 (est),65000,,Legal (see entry),Pro-Soviet,,
1965,Aruba,Nil,0,,,,,
1965,Australia,5000 (est),5000,,,Open split,,
1965,Austria,35000 (est),35000,,,Internal factions,,
1965,Bahrain,Negligible,0,,,,,
1965,Barbados,Nil,0,,,,,
1965,Basutoland,Less than 100 (est),50,,,No stand taken,,
1965,Bechuanaland,Nil,0,,,,,
1965,Belgium,11000 (est) 2,11000,,,Open split,,
1965,"Berlin, West -- Part of East German Party",,,,,,,
1965,Bolivia,4500 (est),4500,,,Pro-Soviet,,
1965,Bonaire,Nil,0,,,,,
1965,Brazil,31000 (est) 2,31000,,Proscribed 1947,Open split,,
1965,British Dependencies (West. Hemisphere) -- Listed separately,,,,,,,
1965,Bulgaria,528674 (claim),528674,,In power,Pro-Soviet,,
1965,Burma,5000 (est) 2,5000,,Proscribed 10/63,Open split,,
1965,Burundi,Nil,0,,,,,
1965,Cambodia,100 (est),100,,,No position taken,,
1965,Cameroon,Nil,0,,,,,
1965,Canada,3500 (est),3500,,,Pro-Soviet,,
1965,Central African Republic,Nil,0,,,,,
1965,Ceylon,1900 (est) 2,1900,,,Open split,,
1965,Chad,Nil,0,,,,,
1965,Chile,27500 (est),27500,,,Pro-Soviet,,
1965,"China, Communist",18000000 (est),18000000,,In power,(Chinese),,
1965,"China, Republic of",Negligible,0,,Proscribed 7/47,,,
1965,Colombia,13000,13000,,,Open split,,
1965,Congo (Brazzaville),Nil,0,,,,,
1965,Congo (Leopoldville),Very small,0,,,,,
1965,Costa Rica,300 (est),300,,Proscribed 7/48,Pro-Soviet,,
1965,Cuba,35000 (claim),35000,,In power,Neutral,,
1965,Curacao,Nil,0,,,,,
1965,Cyprus,10000 (est),10000,,,Pro-Soviet,,
1965,Czechoslovakia,1676509,1676509,,In power,Pro-Soviet,,
1965,Dahomey,Nil,0,,,,,
1965,Denmark,5000 (est),5000,,,Pro-Soviet,,
1965,Dominican Republic,Unknown,N/A,,Proscribed 1947 and 1963,Pro-Soviet,,
1965,Ecuador,2500 (est),2500,,Proscribed 7/63,Internal factions,,
1965,Egypt (see UAR),,,,,,,
1965,El Salvador,200 (est),200,,Proscribed 1928,Pro-Soviet,,
1965,Ethiopia,Nil,0,,All parties proscribed,,,
1965,Fernando Po,Nil,0,,,,,
1965,Finland,40000 (est),40000,,,Pro-Soviet,,
1965,France,260000 (est),260000,,,Pro-Soviet,,
1965,French Overseas Departments listed separately (West. Hemisphere),,,,,,,
1965,Gabon,Nil,0,,,,,
1965,Gambia,Nil,0,,,,,
1965,"Germany, East",1610679 (claim),1610679,,In power,Pro-Soviet,,
1965,"Germany, West",50000 (est),50000,,Proscribed 8/56,Pro-Soviet,,
1965,Ghana,Nil,0,,,,,
1965,Greece,20000 (est),20000,,Proscribed 12/47,Pro-Soviet,,
1965,Guadeloupe,1000 (est),1000,,,Probably Pro-Soviet,,
1965,Guatemala,1300 (est),1300,,Proscribed 1956 and 1963,Pro-Soviet,,
1965,"Guiana, British",No organized party,0,,,,,
1965,"Guiana, French",Negligible,0,,,,,
1965,Guinea,Nil,0,,,,,
1965,"Guinea, Portuguese",Nil,0,,,,,
1965,Haiti,Unknown,N/A,,Proscribed 2/48,,,
1965,Honduras,2400 (est),2400,,Proscribed 12/57,Pro-Soviet,,
1965,Hong Kong,Part of Chinese Party,N/A,,Proscribed 1949,,,
1965,Hungary,520000 (claim),520000,,In power,Pro-Soviet,,
1965,Iceland,1000 (est),1000,,,Pro-Soviet,,
1965,Ifni,Nil,0,,,,,
1965,India,135000 (est),135000,,,Open split,,
1965,Indonesia,2000000 (est),2000000,,,Pro-Chinese,,
1965,Iran,1500 (est),1500,,Proscribed 1949,No stand taken,,
1965,Iraq,15000 (est),15000,,Proscribed 1/60,Pro-Soviet,,
1965,Ireland,100 (est),100,,,No stand taken,,
1965,Israel,2000 (est),2000,,,Pro-Soviet,,
1965,Italy,1350000 (est),1350000,,,Pro-Soviet,,
1965,Ivory Coast,Nil,0,,,,,
1965,Jamaica,Nil,0,,,,,
1965,Japan,120000 (est),120000,,,Internal factions,,
1965,Jordan,500 (est),500,,All parties proscribed 1957,Pro-Soviet,,
1965,Kenya,Nil,0,,,,,
1965,"Korea, North",1300000 (est),1300000,,In power,Pro-Chinese,,
1965,"Korea, South",Negligible,0,,Proscribed 12/48,,,
1965,Kuwait,Negligible,0,,,,,
1965,Laos,100 (est),100,,,Pro-Chinese,,
1965,Lebanon,3000 (est),3000,,Proscribed 1939,Pro-Soviet,,
1965,Leward Islands,Nil,0,,,,,
1965,Liberia,Nil,0,,,,,
1965,Libya,Nil,0,,,,,
1965,Luxembourg,500 (est),500,,,Pro-Soviet,,
1965,Malagasy,Less than 100 (est),50,,,No stand taken,,
1965,Malawi,Nil,0,,,,,
1965,Malaysia,2000,2000,,Proscribed 7/48,Pro-Chinese,,
1965,Martinique,700 (est),700,,,Probably Pro-Soviet,,
1965,Mauritania,Nil,0,,,,,
1965,Mauritius,Nil,0,,,,,
1965,Mexico,50000 (est) (4),50000,,,Open split,,
1965,"Mongolia, Outer",46000 (claim),46000,,In power,Pro-Soviet,,
1965,Morocco,1250 (est),1250,,Proscribed 12/52,Pro-Soviet,,
1965,Mozambique,Nil,0,,,,,
1965,Nepal,3500 (est),3500,,All parties proscribed 1960,Internal factions,,
1965,Netherlands,12000 (est),12000,,,Pro-Soviet,,
1965,Netherlands Possessions (West. Hemisphere),Nil,0,,,,,
1965,New Zealand,500 (est),500,,,Pro-Chinese,,
1965,Nicaragua,250 (est),250,,Proscribed 1945,Pro-Soviet,,
1965,Niger,Nil,0,,,,,
1965,Nigeria,Less than 100 (est),50,,,No stand taken,,
1965,Norway,4500 (est),4500,,,Internal factions,,
1965,Pakistan,3000 (est),3000,,Proscribed 7/54,No stand taken,,
1965,Panama,400 (est),400,,Proscribed 12/53,Pro-Soviet,,
1965,Paraguay,5000 (est) 2,5000,,Proscribed 10/36,Open split,,
1965,Peru,8500 (est),8500,,Proscribed 1936,Internal factions,,
1965,Philippines,1200 (est),1200,,Proscribed 6/57,No stand taken,,
1965,Poland,1614237 (claim),1614237,,In power,Pro-Soviet,,
1965,Portugal,2000 (est),2000,,Proscribed 1926,Pro-Soviet,,
1965,Portuguese Africa,Nil,0,,,,,
1965,Reunion,Not available,N/A,,,No stand taken,,
1965,Rio Muni,Nil,0,,,,,
1965,Rumania,1240000 (claim),1240000,,In power,Neutral,,
1965,Rwanda,Nil,0,,,,,
1965,San Marino -- Part of Italian Party,,,,,,,
1965,Saudi Arabia,Nil,0,,,,,
1965,Senegal,Nil,0,,,,,
1965,Sierra Leone,Nil,0,,,,,
1965,Somali Republic,Nil,0,,,,,
1965,South Africa,800 (est),800,,Proscribed 6/50,Pro-Soviet,,
1965,Southern Rhodesia,Nil,0,,,,,
1965,South West Africa,Nil,0,,,,,
1965,Spain,5000 (est),5000,,Proscribed 2/39,Internal factions,,
1965,Spanish Africa,Nil,0,,,,,
1965,Spanish Sahara,See above,0,,,,,
1965,Sudan,2500 (est),2500,,Proscription lifted 11/64,Pro-Soviet,,
1965,Surinam,Nil,0,,,,,
1965,Swaziland,Nil,0,,,,,
1965,Sweden,20000 (est),20000,,,Pro-Soviet,,
1965,Switzerland,Less than 6000 (est) 2,3000,,,Open split,,
1965,Syria,4000 (est),4000,,Proscribed 1939,Pro-Soviet,,
1965,Tanzania,Nil,0,,,,,
1965,Thailand,No est. available,N/A,,Proscribed 11/52,Probably Pro-Chinese,,
1965,Togo,Nil,0,,,,,
1965,Trinidad & Tobago,Very small,0,,,,,
1965,Tunisia,1000 (est),1000,,Proscribed 1/63,No stand taken,,
1965,Turkey,1000 (est),1000,,Proscribed 1925,No stand taken,,
1965,Uganda,Nil,0,,,,,
1965,USSR,12000000 (claim),12000000,,In power,(Soviet),,
1965,United Arab Republic,1000 (est),1000,,Proscribed 1/54,No stand taken,,
1965,UK,34372 (claim),34372,,,Pro-Soviet,,
1965,Upper Volta,Nil,0,,,,,
1965,Uruguay,10000 (est),10000,,,Pro-Soviet,,
1965,Venezuela,30000 (est),30000,,"""Suspended"" 5/62",No stand taken,,
1965,"Vietnam, North",570000 (claim),570000,,In power,Pro-Chinese,,
1965,"Vietnam, South",Est. 31000 hard core,31000,,Proscribed 10/56,Pro-Chinese,,
1965,West Indies (British),Nil,0,,,,,
1965,West Indies (Netherlands),Nil,0,,,,,
1965,Yemen,Negligible,0,,,,,
1965,Yugoslavia,1030041 (claim),1030041,,In power,Pro-Soviet,,
1965,Zambia,Nil,0,,,,,
1966,Aden,Very small,0,,,,,
1966,Afghanistan,No known members,0,,,,,
1966,Albania,53000 (claim),53000,,In power,Pro-Chinese,,
1966,Algeria,Less than 1000 (est),500,,Proscribed 11/62,Pro-Soviet,,
1966,Angola,Nil,0,,,,,
1966,Argentina,65000 (est),65000,,Legal (see entry),Pro-Soviet,,
1966,Aruba,Nil,0,,,,,
1966,Australia,5000 (est) 2,5000,,,Open split,,
1966,Austria,35000 (est),35000,,,Internal factions,,
1966,Bahrain,Negligible,0,,,,,
1966,Basutoland,Less than 100 (est),50,,,Pro-Soviet,,
1966,Bechuanaland,Nil,0,,,,,
1966,Belgium,13000 (est) 2,13000,,,Open split,,
1966,"Berlin, West -- Part of East German Party",,,,,,,
1966,Bolivia,4500 (est),4500,,,Pro-Soviet,,
1966,Bonaire,Nil,0,,,,,
1966,Brazil,23000 (est) 2,23000,,Proscribed 1947,Open split,,
1966,Bulgaria,550384 (claim),550384,,In power,Pro-Soviet,,
1966,Burma,5000 (est) 2,5000,,Proscribed 10/63,Open split,,
1966,Burundi,Nil,0,,,,,
1966,Cambodia,100 (est),100,,,No position taken,,
1966,Cameroon,Nil,0,,,,,
1966,Canada,3500 (est),3500,,,Pro-Soviet,,
1966,Central African Republic,Nil,0,,,,,
1966,Ceylon,2600 (est) 2,2600,,,Open split,,
1966,Chad,Nil,0,,,,,
1966,Chile,30000 (est),30000,,,Pro-Soviet,,
1966,"China, Communist",18500000 (est),18500000,,In power,(Chinese),,
1966,"China, Republic of",Negligible,0,,Proscribed 7/47,,,
1966,Colombia,12000 (est) 2,12000,,,Open split,,
1966,Congo (Brazzaville),Nil,0,,,,,
1966,Congo (Leopoldville),No organized party,0,,,,,
1966,Costa Rica,400 (est),400,,Proscribed 7/48,Pro-Soviet,,
1966,Cuba,50000 (claim),50000,,In power,Neutral,,
1966,Curacao,Nil,0,,,,,
1966,Cyprus,10000 (claim),10000,,,Pro-Soviet,,
1966,Czechoslovakia,1684416 (claim),1684416,,In power,Pro-Soviet,,
1966,Dahomey,Nil,0,,,,,
1966,Denmark,5000 (est),5000,,,Pro-Soviet,,
1966,Dominican Republic,1700 (est),1700,,Proscribed 1947 and 1963,See entry,,
1966,Ecuador,2500 (est),2500,,Proscribed 7/63,Internal factions,,
1966,Egypt (see UAR),,,,,,,
1966,El Salvador,200 (est),200,,Proscribed 1928,Pro-Soviet,,
1966,Ethiopia,Nil,0,,All parties proscribed,,,
1966,Fernando Po,Nil,0,,,,,
1966,Finland,50000 (est),50000,,,Pro-Soviet,,
1966,France,280000 (est),280000,,,Pro-Soviet,,
1966,French Overseas Departments listed separately (West. Hemisphere),,,,,,,
1966,Gabon,Nil,0,,,,,
1966,Gambia,Nil,0,,,,,
1966,"Germany, East",1610679 (claim),1610679,,In power,Pro-Soviet,,
1966,"Germany, West",10000 (est),10000,,Proscribed 8/56,Pro-Soviet,,
1966,Ghana,Nil,0,,,,,
1966,Greece,20000 (est),20000,,Proscribed 12/47,Pro-Soviet,,
1966,Guadeloupe,1000 (est),1000,,,Probably Pro-Soviet,,
1966,Guatemala,1000 (est),1000,,Proscribed 1954,Pro-Soviet,,
1966,"Guiana, British",No organized party,0,,,,,
1966,"Guiana, French",Negligible,0,,,,,
1966,Guinea,Nil,0,,,,,
1966,"Guinea, Equatorial",Nil,0,,,,,
1966,"Guinea, Portuguese",Nil,0,,,,,
1966,Haiti,Unknown,N/A,,Proscribed 2/48,,,
1966,Honduras,1300 (est),1300,,Proscribed 12/57,Pro-Soviet,,
1966,Hong Kong,Part of Chinese Party,N/A,,Proscribed 1949,,,
1966,Hungary,540000 (claim),540000,,In power,Pro-Soviet,,
1966,Iceland,975 (est),975,,,Pro-Soviet,,
1966,Ifni,Nil,0,,,,,
1966,India,125000 (est) 2,125000,,,Open split,,
1966,Indonesia,Over 100000 (est),100000,,Proscribed 3/66,Pro-Chinese,,
1966,Iran,1500 (est),1500,,Proscribed 1949,No stand taken,,
1966,Iraq,2000 (est),2000,,Proscribed 1/60,Pro-Soviet,,
1966,Ireland,125 (est),125,,,No stand taken,,
1966,Israel,2000 (est) 2 (see entry),2000,,,Pro-Soviet,,
1966,Italy,1350000 (est),1350000,,,Pro-Soviet,,
1966,Ivory Coast,Nil,0,,,,,
1966,Jamaica,Nil,0,,,,,
1966,Japan,137500 (est),137500,,,Pro-Chinese,,
1966,Jordan,500 (est),500,,All parties proscribed 1957,Pro-Soviet,,
1966,Kenya,Nil,0,,,,,
1966,"Korea, North",1600000 (claim),1600000,,In power,Pro-Chinese,,
1966,"Korea, South",Negligible,0,,Proscribed 12/48,,,
1966,Kuwait,Negligible,0,,,,,
1966,Laos,Unknown,N/A,,,Pro-Chinese,,
1966,Lebanon,4000 (est) 3,4000,,Proscribed 1939,Open split,,
1966,Liberia,Nil,0,,,,,
1966,Libya,Very small,0,,,,,
1966,Luxembourg,500 (est),500,,,Pro-Soviet,,
1966,Malagasy,Less than 100 (est),50,,,No stand taken,,
1966,Malawi,Nil,0,,,,,
1966,Malaysia,2700 (est),2700,,Proscribed 7/48,Pro-Chinese,,
1966,Maldive Islands,Nil,0,,,,,
1966,Mali,Nil,0,,,,,
1966,Malta,Nil,0,,,,,
1966,Martinique,700 (est),700,,,Probably Pro-Soviet,,
1966,Mauritania,Nil,0,,,,,
1966,Mauritius,Nil,0,,,,,
1966,Mexico,5250 (est) 2,5250,,,Open split,,
1966,"Mongolia, Outer",46000 (claim),46000,,In power,Pro-Soviet,,
1966,Morocco,500 (est),500,,Proscribed 12/52,Pro-Soviet,,
1966,Mozambique,Nil,0,,,,,
1966,Nepal,6000 (est),6000,,All parties proscribed 1960,Internal factions,,
1966,Netherlands,12000 (est),12000,,,Pro-Soviet,,
1966,New Zealand,400 (est),400,,,Pro-Chinese,,
1966,Nicaragua,200 (est),200,,Proscribed 1945,Pro-Soviet,,
1966,Niger,Nil,0,,,,,
1966,Nigeria,Less than 500 (est),250,,,,,
1966,Norway,2500 (est),2500,,,Internal factions,,
1966,Pakistan,3250 (est),3250,,Proscribed 7/54,No stand taken,,
1966,Panama,500 (est),500,,Proscribed 12/53,Pro-Soviet,,
1966,Paraguay,5000 (est) 2,5000,,Proscribed 10/36,Open split,,
1966,Peru,5000 (est),5000,,Proscribed 1936,Internal factions,,
1966,Philippines,1750 (est),1750,,Proscribed 6/57,No stand taken,,
1966,Poland,1725000 (claim),1725000,,In power,Pro-Soviet,,
1966,Portugal,2000 (est) 2,2000,,Proscribed 1926,Open split,,
1966,Portuguese Africa,Nil,0,,,,,
1966,Reunion,Not available,N/A,,,No stand taken,,
1966,Rio Muni,Nil,0,,,,,
1966,Romania,1450000 (claim),1450000,,In power,Neutral,,
1966,Rwanda,Nil,0,,,,,
1966,Saudi Arabia,Nil,0,,,,,
1966,Senegal,Very small,0,,,,,
1966,Sierra Leone,Nil,0,,,,,
1966,Singapore,200 (est),200,,Proscribed 1948,,,
1966,Somali Republic,Nil,0,,,,,
1966,South Africa,100 (est),100,,Proscribed 6/50,Pro-Soviet,,
1966,Southern Rhodesia,Nil,0,,,,,
1966,South West Africa,Nil,0,,,,,
1966,Spain,5000 (est) 2,5000,,Proscribed 2/39,Open split,,
1966,Spanish Africa,Nil,0,,,,,
1966,Spanish Sahara,See above,0,,,,,
1966,Sudan,8000 (est) (see entry),8000,,Proscribed 12/65,Pro-Soviet,,
1966,Surinam,Nil,0,,,,,
1966,Swaziland,Nil,0,,,,,
1966,Sweden,20000 (est),20000,,,Pro-Soviet,,
1966,Switzerland,Less than 4000 (est) 2,2000,,,Open split,,
1966,Syria,3000 (est),3000,,Proscribed 1939,Pro-Soviet,,
1966,Tanzania,Nil,0,,,,,
1966,Thailand,No estimate available,N/A,,Proscribed 11/52,Probably Pro-Chinese,,
1966,Togo,Nil,0,,,,,
1966,Trinidad & Tobago,Very small,0,,,,,
1966,Tunisia,250 (est),250,,Proscribed 1/63,No stand taken,,
1966,Turkey,1250 (est),1250,,Proscribed 1925,No stand taken,,
1966,Uganda,Nil,0,,,,,
1966,USSR,12000000 (claim),12000000,,In power,(Soviet),,
1966,United Arab Republic,Nil (see entry),0,,Proscribed 1/54,,,
1966,UK,33734 (claim),33734,,,Pro-Soviet,,
1966,Upper Volta,Nil,0,,,,,
1966,Uruguay,10000 (est),10000,,,Pro-Soviet,,
1966,Venezuela,20000 (est),20000,,"""Suspended"" 5/62",No stand taken,,
1966,"Vietnam, North",700000 (claim),700000,,In power,Pro-Chinese,,
1966,"Vietnam, South",Est. 31000 hard core,31000,,Proscribed 10/56,Pro-Chinese,,
1966,Windward Islands,Nil,0,,,,,
1966,Yemen,Negligible,0,,,,,
1966,Yugoslavia,1030041 (claim),1030041,,In power,Pro-Soviet,,
1966,Zambia,Nil,0,,,,,
1967,Aden,Very small,0,,,,,
1967,Afghanistan,No known members,0,,,,,
1967,Albania,66327 (claim),66327,,In power,Pro-Chinese,,
1967,Algeria,Less than 1000 (est),500,,Proscribed 11/62,Pro-Soviet,,
1967,Angola,Nil,0,,,,,
1967,Antilles (Netherlands),Nil,0,,,,,
1967,Arabian Peninsula,Insignificant to nil,0,,,,,
1967,Argentina,60000,60000,,All parties dissolved,Pro-Soviet,,
1967,Australia,5000 (est) 2,5000,,,Open split,,
1967,Austria,35000 (est),35000,,,Internal factions,,
1967,Bahrain,Negligible,0,,,,,
1967,Barbados,None,0,,,,,
1967,Belgium,13500 (est) 2,13500,,,Open split,,
1967,"Berlin, West",6000,6000,,,Pro-Soviet,,
1967,Bolivia,5500 (est) 3 (see text),5500,,,Open split,,
1967,Botswana,Nil,0,,,,,
1967,Brazil,20000 (est) 2,20000,,Proscribed 1947,Open split,,
1967,Bulgaria,611179 (claim),611179,,In power,Pro-Soviet,,
1967,Burma,5000 (est) 2,5000,,Proscribed 10/63,Open split,,
1967,Burundi,Nil,0,,,,,
1967,Cambodia,100 (est),100,,,Position unknown,,
1967,Cameroon,Nil,0,,,,,
1967,Canada,3500 (est),3500,,,Pro-Soviet,,
1967,Central African Republic,Nil,0,,,,,
1967,Ceylon,1900 (est) 2,1900,,,Open split,,
1967,Chad,Nil,0,,,,,
1967,Chile,30000 (est),30000,,,Pro-Soviet,,
1967,"China, Communist",21000000 (est),21000000,,In power,(Chinese),,
1967,"China, Republic of",Negligible,0,,Proscribed 7/47,,,
1967,Colombia,10000 (est) 2,10000,,,Open split,,
1967,Congo (Brazzaville),Nil,0,,,,,
1967,Congo (Kinshasa),Negligible,0,,,,,
1967,Costa Rica,450 (est),450,,Proscribed 7/48,Pro-Soviet,,
1967,Cuba,60000 (claim),60000,,In power,Independent,,
1967,Cyprus,10000 (claim),10000,,,Pro-Soviet,,
1967,Czechoslovakia,1698002 (claim),1698002,,In power,Pro-Soviet,,
1967,Dahomey,Nil,0,,,,,
1967,Denmark,6000 (est),6000,,,Pro-Soviet,,
1967,Dominican Republic,1300 (est) 5 (see text),1300,,Proscribed 1947,See entry,,
1967,Ecuador,1500 (est) 2,1500,,Proscribed 7/63,Open split,,
1967,Egypt (see UAR),,,,,,,
1967,El Salvador,200 (est),200,,Proscribed 1928,Pro-Soviet,,
1967,Ethiopia,Nil,0,,All parties proscribed,,,
1967,Fernando Po,Nil,0,,,,,
1967,Finland,49000 (est),49000,,,Pro-Soviet,,
1967,France,290000 (est),290000,,,Pro-Soviet,,
1967,French Overseas Departments listed separately (West. Hemisphere),,,,,,,
1967,French Somaliland,Nil,0,,,,,
1967,Gabon,Nil,0,,,,,
1967,Gambia,Nil,0,,,,,
1967,"Germany, East",1610679 (claim),1610679,,In power,Pro-Soviet,,
1967,"Germany, West",7000 (est),7000,,Proscribed 8/56,Pro-Soviet,,
1967,Ghana,Nil,0,,,,,
1967,Greece,27000 (est),27000,,Proscribed 12/47,Pro-Soviet,,
1967,Guadeloupe,1000 (est),1000,,,Probably Pro-Soviet,,
1967,Guatemala,1000 (est),1000,,Proscribed 1954,Pro-Soviet,,
1967,"Guiana, French",Negligible,0,,,,,
1967,Guinea,Nil,0,,,,,
1967,"Guinea, Equatorial",Nil,0,,,,,
1967,"Guinea, Portuguese",Nil,0,,,,,
1967,Guyana,No organized party,0,,,,,
1967,Haiti,Unknown,N/A,,Proscribed 2/48,Pro-Soviet,,
1967,Honduras,1300 (est) 2,1300,,Proscribed 12/57,Pro-Soviet,,
1967,Hong Kong,Part of Chinese Party,N/A,,Proscribed 1949,,,
1967,Hungary,540000 (claim),540000,,In power,Pro-Soviet,,
1967,Iceland,1000 (est),1000,,,Pro-Soviet,,
1967,Ifni,Nil,0,,,,,
1967,India,125000 (est) 2,125000,,,Open split,,
1967,Indonesia,150000 (est),150000,,Proscribed 3/66,Position unknown,,
1967,Iran,1000 (est),1000,,Proscribed 1949,Position unknown,,
1967,Iraq,2000 (est),2000,,Proscribed 1/60,Pro-Soviet,,
1967,Ireland,125 (est),125,,,Pro-Soviet,,
1967,Israel,2000 (est) 2 (see text),2000,,,Pro-Soviet,,
1967,Italy,1575000 (est),1575000,,,Pro-Soviet,,
1967,Ivory Coast,Nil,0,,,,,
1967,Jamaica,Negligible,0,,,,,
1967,Japan,250000 (est),250000,,,Independent,,
1967,Jordan,400 (est),400,,All parties proscribed 1957,,,
1967,Kenya,Nil,0,,,,,
1967,"Korea, North",1600000 (claim),1600000,,In power,Independent,,
1967,"Korea, South",Negligible,0,,Proscribed 12/48,,,
1967,Kuwait,Negligible,0,,,,,
1967,Laos,Unknown,N/A,,,Neutral,,
1967,Lebanon,6000 (est) 3,6000,,Proscribed 1939,Open split,,
1967,Lesotho,Very small,0,,,,,
1967,Liberia,Nil,0,,,,,
1967,Libya,Very small,0,,,,,
1967,Luxembourg,500 (est),500,,,Pro-Soviet,,
1967,Malagasy,Less than 100 (est),50,,,Position unknown,,
1967,Malawi,Nil,0,,,,,
1967,Malaysia,3000 (est),3000,,Proscribed 7/48,Pro-Chinese,,
1967,Maldive Islands,Nil,0,,,,,
1967,Mali,Nil,0,,,,,
1967,Malta,Nil,0,,,,,
1967,Martinique,700 (est),700,,,Probably Pro-Soviet,,
1967,Mauritania,Nil,0,,,,,
1967,Mauritius,Nil,0,,,,,
1967,Mexico,5250 (est) 2,5250,,,Open split,,
1967,"Mongolia, Outer",48570 (claim),48570,,In power,Pro-Soviet,,
1967,Morocco,500 (est),500,,Proscribed 12/52,Neutral,,
1967,Mozambique,Nil,0,,,,,
1967,Nepal,7500 (est),7500,,All parties proscribed 1960,Internal factions,,
1967,Netherlands,12000 (est),12000,,,Independent,,
1967,Netherlands Realm Members (Western Hemisphere) Listed Separately,,,,,,,
1967,New Zealand,400 (est),400,,,Internal factions,,
1967,Nicaragua,200 (est),200,,Proscribed 1945,Pro-Soviet,,
1967,Niger,Nil,0,,,,,
1967,Nigeria,Less than 1000 (est) (see text),500,,,Position unknown,,
1967,Norway,2500 (est),2500,,,Independent,,
1967,Pakistan,3250 (est),3250,,Proscribed 7/54,Neutral,,
1967,Panama,500 (est),500,,Proscribed 12/53,Pro-Soviet,,
1967,Paraguay,5000 (est) 2,5000,,Proscribed 10/36,Open split,,
1967,Peru,5000 (est) 2,5000,,Proscribed 1933,Open split,,
1967,Philippines,1750 (est),1750,,Proscribed 6/57,Neutral,,
1967,Poland,1860000 (claim),1860000,,In power,Pro-Soviet,,
1967,Portugal,2000 (est) 2,2000,,Proscribed 1926,Open split,,
1967,Portuguese Africa,Nil,0,,,,,
1967,Reunion,Very small,0,,,Position unknown,,
1967,Rio Muni,Nil,0,,,,,
1967,Romania,1518000 (claim),1518000,,In power,Neutral,,
1967,Rwanda,Nil,0,,,,,
1967,San Marino -- Part of Italian Party,,,,,,,
1967,Saudi Arabia,Nil,0,,,,,
1967,Senegal,Very small (see text),0,,,,,
1967,Sierra Leone,Nil,0,,,,,
1967,Singapore,200 (est),200,,Proscribed 1948,Pro-Chinese,,
1967,Somali Republic,Nil ,0,,,,,
1967,South Africa,See text,N/A,,Proscribed 6/50,Pro-Soviet,,"""Indeterminate"""
1967,Southern Rhodesia,Nil,0,,,,,
1967,South West Africa,Nil,0,,,,,
1967,Spain,5000 (est),5000,,Proscribed 2/39,Open split,,
1967,Spanish Africa,Nil,0,,,,,
1967,Spanish Sahara,Nil,0,,,,,
1967,Sudan,7500 (est) (see text),7500,,Proscribed 12/65,Pro-Soviet,,
1967,Surinam,Nil,0,,,,,
1967,Swaziland,Nil,0,,,,,
1967,Sweden,29000 (est),29000,,,Independent,,
1967,Switzerland,4000 (est) 2,4000,,,Open split,,
1967,Syria,3000 (est),3000,,Proscribed 1939,Pro-Soviet,,
1967,Tanzania,Nil,0,,,,,
1967,Thailand,No estimate available,N/A,,Proscribed 11/52,Pro-Chinese,,
1967,Togo,Nil,0,,,,,
1967,Trinidad & Tobago,Negligible,0,,,,,
1967,Tunisia,250 (est),250,,Proscribed 1/63,Pro-Soviet,,
1967,Turkey,2000 (est) (see text),2000,,Proscribed 1925,Neutral,,
1967,Uganda,Nil,0,,,,,
1967,USSR,12471079 (claim),12471079,,In power,(Soviet),,
1967,United Arab Republic,Nil (see text),0,,Proscribed 1/54,,,
1967,UK,33240 (claim),33240,,,Pro-Soviet,,
1967,Upper Volta,Nil,0,,,,,
1967,Uruguay,15000 (est),15000,,,Pro-Soviet,,
1967,Venezuela,10000 (est),10000,,"""Suspended"" 5/62",Neutral,,
1967,"Vietnam, North",760000 (claim),760000,,In power,Neutral,,
1967,"Vietnam, South",No estimate available (see text),N/A,,Proscribed 10/56,Neutral,,
1967,Yemen,Negligible,0,,,,,
1967,Yugoslavia,1046202 (claim),1046202,,In power,Pro-Soviet,,
1967,Zambia,Nil,0,,,,,
1968,Afghanistan,175 (est) 2 (see text),175,,,Pro-Soviet,,
1968,Albania,66327 (claim),66327,,In power,Pro-Chinese,,
1968,Algeria,Less than 1000 (est),500,,Proscribed 1963,Pro-Soviet,,
1968,Angola (See Portuguese Africa),Nil,0,,,,,
1968,Antilles (Netherlands),Nil,0,,,,,
1968,Arabian Peninsula,Negligible,0,,,,,
1968,Argentina,60000,60000,,All parties dissolved 1966,Pro-Soviet,,
1968,Australia,5000 (est) 2,5000,,,Open split,,
1968,Austria,27500 (est) 2,27500,,,Open split,,
1968,Bahrain,Negligible,0,,,,,
1968,Barbados,None,0,,,,,
1968,Belgium,12500 (est) 2,12500,,,Open split,,
1968,"Berlin, West",6000,6000,,,Pro-Soviet,,
1968,Bolivia,6000 (est) 3 (see text),6000,,Proscribed 1967,Open split,,
1968,Botswana,Nil,0,,,,,
1968,Brazil,20000 (est) 2 (see text),20000,,Proscribed 1947,Open split,,
1968,Bulgaria,613393 (claim),613393,,In power,Pro-Soviet,,
1968,Burma,(see text),N/A,,Proscribed 10/63,(See text),,
1968,Burundi,Nil,0,,,,,
1968,Cambodia,100 (est),100,,,Unknown,,
1968,Cameroon,Nil,0,,,,,
1968,Canada,2500 (est),2500,,,Pro-Soviet,,
1968,Central African Republic,Nil,0,,,,,
1968,Ceylon,1900 (est) 2,1900,,,Open split,,
1968,Chad,Nil,0,,,,,
1968,Chile,32500 (est),32500,,,Pro-Soviet,,
1968,"China, Communist",17000000 (claim),17000000,,In power,(Chinese),,
1968,"China, Republic of",Negligible,0,,Proscribed 7/47,,,
1968,Colombia,9000 (est) 2,9000,,,Open split,,
1968,Congo (Brazzaville),Nil,0,,,,,
1968,Congo (Kinshasa),Negligible,0,,,,,
1968,Costa Rica,550 (est),550,,Proscribed 7/48,Pro-Soviet,,
1968,Cuba,60000 (claim),60000,,In power,Independent,,
1968,Cyprus,13000 (est),13000,,,Pro-Soviet,,
1968,Czechoslovakia,1689207 (claim),1689207,,In power,Pro-Soviet,,
1968,Dahomey,Nil,0,,,,,
1968,Denmark,6000 (est),6000,,,Pro-Soviet,,
1968,Dominican Republic,1300 (est) 6,1300,,Proscribed 1947,(see text),,
1968,Ecuador,1500 (est) 2,1500,,Proscribed 7/63,Open split,,
1968,Egypt (see UAR),,,,,,,
1968,El Salvador,200 (est),200,,Proscribed 1928,Pro-Soviet,,
1968,Ethiopia,Nil,0,,All parties proscribed,,,
1968,Fernando Po (See Spanish Africa),Nil,0,,,,,
1968,Finland,49000 (est),49000,,,Pro-Soviet,,
1968,France,275000 (est) 2,275000,,,Open split,,
1968,French Overseas Departments listed separately,,,,,,,
1968,French Territory of the Afars and Issas (FTAI),Nil,0,,,,,[Present-day Djibouti]
1968,Gabon,Nil,0,,,,,
1968,The Gambia,Nil,0,,,,,
1968,"Germany, East",1769912 (claim),1769912,,In power,Pro-Soviet,,
1968,"Germany, West",7000 (est) 2,7000,,Proscribed 3/56,Open split,,
1968,Ghana,Nil,0,,,,,
1968,Greece,27000 (est),27000,,Proscribed 12/47,Pro-Soviet,,
1968,Guadeloupe,1000 (est),1000,,,Probably Pro-Soviet,,
1968,Guatemala,750 (est),750,,Proscribed 1954,Pro-Soviet,,
1968,"Guiana, French",Negligible,0,,,Unknown,,
1968,"Guinea, Equatorial (See Spanish Africa)",Nil,0,,,,,
1968,"Guinea, Portuguese (See Portuguese Africa)",Nil,0,,,,,
1968,Guyana,No organized party,0,,,,,
1968,Haiti,Unknown,N/A,,Proscribed 2/48,Pro-Soviet,,
1968,Honduras,650 (est) 2,650,,Proscribed 12/57,Pro-Soviet,,
1968,Hong Kong,Part of Chinese Party,N/A,,Proscribed 1949,,,
1968,Hungary,584849 (claim),584849,,In power,Pro-Soviet,,
1968,Iceland,1000 (est),1000,,,Pro-Soviet,,
1968,Ifni (See Spanish Africa),Nil,0,,,,,
1968,India,125000 (est) 2,125000,,,Open split,,
1968,Indonesia,150000 (est),150000,,Proscribed 3/66,Unknown,,
1968,Iran,1000 (est),1000,,Proscribed 1949,Pro-Soviet,,
1968,Iraq,2000 (est),2000,,Proscribed 1/60,Pro-Soviet,,
1968,Ireland,125 (est),125,,,Pro-Soviet,,
1968,Israel,1600 (est) 2 (see text),1600,,,Pro-Soviet,,
1968,Italy,153100 (est) 2,1531000,,,Open split,,
1968,Ivory Coast,Nil,0,,,,,
1968,Jamaica,Negligible,0,,,,,
1968,Japan,250000 (est),250000,,,Independent,,
1968,Jordan,400 (est),400,,All parties proscribed 1957,Pro-Soviet,,
1968,Kenya,Nil,0,,,,,
1968,"Korea, North",1600000 (claim),1600000,,In power,Independent,,
1968,"Korea, South",Negligible,0,,Proscribed 12/48,,,
1968,Kuwait,Negligible,0,,,,,
1968,Laos,Unknown,N/A,,,Neutral,,
1968,Lebanon,6000 (est) 3,6000,,Proscribed 1939,Open split,,
1968,Lesotho,Negligible,0,,,Unknown,,
1968,Liberia,Nil,0,,,,,
1968,Libya,Negligible,0,,,Unknown,,
1968,Luxembourg,500 (est),500,,,Pro-Soviet,,
1968,Malagasy Republic,Less than 100 (est) (see text),50,,,Pro-Peking,,
1968,Malawi,Nil,0,,,,,
1968,Malaysia,2000 (est),2000,,Proscribed 7/48,Pro-Chinese,,
1968,Maldive Islands,Nil,0,,,,,
1968,Mali,Nil,0,,,,,
1968,Malta,Nil,0,,,,,
1968,Martinique,700 (est) ,700,,,Pro-Soviet,,
1968,Mauritania,Nil,0,,,,,
1968,Mauritius,Less than 50 (est),25,,,Unknown,,
1968,Mexico,5250 (est) 2,5250,,,Open split,,
1968,"Mongolia, Outer",48570 (claim),48570,,In power,Pro-Soviet,,
1968,Morocco,500 (est) ,500,,Proscribed 12/52,Neutral,,
1968,Mozambique (See Portuguese Africa),Nil,0,,,,,
1968,Nepal,8000 (est),8000,,All parties proscribed 1960,Internal factions,,
1968,The Netherlands,11500 (est),11500,,,Independent,,
1968,Netherlands Realm Members (Western Hemisphere) Listed Separately,,,,,,,
1968,New Zealand,400 (est) 2,400,,,Open split,,
1968,Nicaragua,200 (est),200,,Proscribed 1945,Pro-Soviet,,
1968,Niger,Nil,0,,,,,
1968,Nigeria,Less than 1000 (est) (see text),500,,All parties proscribed 1967,Unknown,,
1968,Norway,2500 (est),2500,,,Independent,,
1968,Pakistan,1450 (est),1450,,Proscribed 7/54,Neutral,,
1968,Panama,250 (est),250,,Proscribed 12/53,Pro-Soviet,,
1968,Paraguay,5000 (est) 2,5000,,Proscribed 10/36,Open split,,
1968,Peru,5000 (est) 2,5000,,Proscribed,Open split,,
1968,Philippines,1750 (est),1750,,Proscribed 6/57,Neutral,,
1968,Poland,1894895 (claim),1894895,,In power,Pro-Soviet,,
1968,Portugal,2000 (est) 2,2000,,Proscribed,Open split,,
1968,Portuguese Africa,Nil,0,,,,,
1968,Reunion,Negligible,0,,,Pro-Soviet,,
1968,Rio Muni (See Spanish Africa),Nil,0,,,,,
1968,Romania,1730000 (claim),1730000,,In power,Neutral,,
1968,Rwanda,Nil,0,,,,,
1968,San Marino -- Part of Italian Party,,,,,,,
1968,Saudi Arabia,Nil,0,,,,,
1968,Senegal,Unknown (see text),N/A,,,Unknown,,
1968,Sierra Leone,Nil,0,,,,,
1968,Singapore,200 (est),200,,Proscribed 1948,Pro-Chinese,,
1968,Somali Republic,Nil,0,,,,,
1968,South Africa,(see text),N/A,,Proscribed 6/50,Pro-Soviet,,"""Indeterminate. Strict government surveillance and penal legislation have probably reduced the outlawed South African Communist Party to a hard-core membership. Many, perhaps most, of the party's active members now live abroad, in the UK and elsewhere."""
1968,Southern Rhodesia,Nil,0,,,,,
1968,South West Africa,Nil,0,,,,,
1968,Spain,5000 (est) 2,5000,,Proscribed 2/39,Open split,,
1968,Spanish Africa,Nil,0,,,,,
1968,Spanish Sahara,Nil,0,,,,,
1968,Sudan,7500 (est) (see text),7500,,Proscribed 12/65,Pro-Soviet,,
1968,Surinam,Nil,0,,,,,
1968,Swaziland,Nil,0,,,,,
1968,Sweden,29000 (est),29000,,,Independent,,
1968,Switzerland,4000 (est) 2,4000,,,Open split,,
1968,Syria,3000 (est),3000,,Proscribed 1939,Internal factions,,
1968,Tanzania,Nil,0,,,,,
1968,Thailand,1450,1450,,Proscribed 11/52,Pro-Chinese,,
1968,Togo,Nil,0,,,,,
1968,Trinidad and Tobago,Negligible,0,,,,,
1968,Tunisia,100 (est),100,,Proscribed 1/63,Pro-Soviet,,
1968,Turkey,1250 (est),1250,,Proscribed 1925,Pro-Soviet,,
1968,Uganda,Nil,0,,,,,
1968,USSR,12947926 (claim),12947926,,In power,(Soviet),,
1968,United Arab Republic,Nil (see text),0,,Proscribed,,,
1968,UK,32562 (claim),32562,,,Pro-Soviet,,
1968,Upper Volta,Nil,0,,,,,
1968,Uruguay,21000 (est),21000,,,Pro-Soviet,,
1968,Venezuela,5000 (est),5000,,"""Suspended"" 5/62",Pro-Soviet,,
1968,"Vietnam, North",760000 (claim),760000,,In power,Neutral,,
1968,"Vietnam, South",No estimate available (see text),N/A,,Proscribed 10/56,Neutral,,
1968,Yemen,Negligible,0,,,,,
1968,The Peoples Republic of South Yemen (See Arabian Peninsula),,,,,,,
1968,Yugoslavia,1046018,1046018,,In power,Independent,,
1968,Zambia,Nil,0,,,,,
1969,Afghanistan,400 (est) (see text),400,,,Pro-Soviet,,
1969,Albania,66327 (claim),66327,,In power,Pro-Chinese,,
1969,Algeria,Less than 1000 (est),500,,Proscribed 63,Pro-Soviet,,
1969,Angola,Nil,0,,,,,
1969,Antilles (Netherlands),Nil,0,,,,,
1969,Argentina,60000,60000,,All parties dissolved 66,Pro-Soviet,,
1969,Australia,4750 (est) 2,4750,,,Open split,,
1969,Austria,27500 (est) 2,27500,,,Open split,,
1969,Bahrain,Negligible,0,,,,,
1969,Barbados,None,0,,,,,
1969,Belgium,12500 (est) 2,12500,,,Open split,,
1969,"Berlin, West",6000,6000,,,Pro-Soviet,,
1969,Bolivia,6000 (est) 3 (see text),6000,,Proscribed 1967,Open split,,
1969,Botswana,Nil,0,,,,,
1969,Brazil,15750 (est) 2 (see text),15750,,Proscribed 1947,Open split,,
1969,Bulgaria,613393 (claim),613393,,In power,Pro-Soviet,,
1969,Burma,No estimate available,N/A,,Proscribed 10/63,Pro-Soviet,,
1969,Burundi,Nil,0,,,,,
1969,Cambodia,100 (est) (see text),100,,,Unknown,,
1969,Cameroon,Nil,0,,,,,
1969,Canada,2500 (est),2500,,,Pro-Soviet,,
1969,Central African Republic,Nil,0,,,,,
1969,Ceylon,2300 (est) 2,2300,,,Open split,,
1969,Chad,Nil,0,,,,,
1969,Chile,45000,45000,,,Pro-Soviet,,
1969,"China, Communist",17000000 (claim),17000000,,In power,(Chinese),,
1969,"China, Republic of",Negligible,0,,Proscribed 7/47,,,
1969,Colombia,9000 (est) 2,9000,,,Open split,,
1969,Comoro Islands,Nil,0,,,,,
1969,Congo (Brazzaville),Nil,0,,,,,
1969,Congo (Kinshasa),Negligible,0,,,,,
1969,Costa Rica,600 (est),600,,Proscribed 7/48,Pro-Soviet,,
1969,Cuba,60000 (claim),60000,,In power,Independent,,
1969,Cyprus,13000 (est),13000,,,Pro-Soviet,,
1969,Czechoslovakia,1700000 (claim),1700000,,In power,Pro-Soviet,,
1969,Dahomey,Nil,0,,,,,
1969,Denmark,6000 (est),6000,,,Pro-Soviet,,
1969,Dominican Republic,1100 (est) 6,1100,,Proscribed 1947,(see text),,
1969,Ecuador,1650 (est) 2,1650,,Proscribed 7/63 (see text),Open split,,
1969,Egypt (see UAR),,,,,,,
1969,El Salvador,200 (est),200,,Proscribed 1928,Pro-Soviet,,
1969,Ethiopia,Nil,0,,,,,
1969,Fernando Po (Guinea Equatorial),Nil,0,,,,,
1969,Finland,49000 (est),49000,,,Pro-Soviet,,
1969,France,275000 (est) 2,275000,,,Open split,,
1969,French Overseas Departments listed separately,,,,,,,
1969,French Territory of the Afars and Issas (FTAI),Nil,0,,,,,
1969,Gabon,Nil,0,,,,,
1969,Gambia,Nil,0,,,,,
1969,"Germany, East",1769912 (claim),1769912,,In power,Pro-Soviet,,
1969,"Germany, West",7000 (est) 2,7000,,(see text),Open split,,
1969,Ghana,Nil,0,,,,,
1969,Greece,27000 (est) 2 (see text),27000,,Proscribed 12/47,Pro-Soviet,,
1969,Guadeloupe,1300 (est),1300,,,Probably Pro-Soviet,,
1969,Guatemala,750 (est),750,,Proscribed 1954,Pro-Soviet,,
1969,"Guiana, French",Negligible,0,,,,,
1969,Guinea,Nil,0,,,,,
1969,"Guinea, Equatorial",Nil,0,,,,,
1969,"Guinea, Portuguese",Nil,0,,,,,
1969,Guyana,100 (see text),100,,,Unknown,,
1969,Haiti,Unknown,N/A,,Proscribed 2/48,Pro-Soviet,,
1969,Honduras,300 (est) 2,300,,Proscribed,Pro-Soviet,,
1969,Hong Kong,Part of Chinese Party,N/A,,Proscribed 1949,,,
1969,Hungary,600000 (claim),600000,,In power,Pro-Soviet,,
1969,Iceland,1000 (est),1000,,,Pro-Soviet,,
1969,India,125000 (est) 2,125000,,,(see text),,
1969,Indonesia,5000 (est) (see text),5000,,Proscribed 3/66,Unknown,,
1969,Iran,1000 (est),1000,,Proscribed 1949,Pro-Soviet,,
1969,Iraq,2000 (est),2000,,Proscribed 1/60,Internal factions (see text),,
1969,Ireland,125 (est),125,,,Pro-Soviet,,
1969,Israel,2000 (est) 2 (see text),2000,,,Pro-Soviet,,
1969,Italy,1500000 (est) 2,1500000,,,Open split,,
1969,Ivory Coast,Nil,0,,,,,
1969,Jamaica,Negligible,0,,,,,
1969,Japan,250000 (est),250000,,,Independent,,
1969,Jordan,700 (est),700,,All parties proscribed 1957,Pro-Soviet,,
1969,Kenya,Nil,0,,,,,
1969,"Korea, North",1600000 (claim),1600000,,In power,Independent,,
1969,"Korea, South",Negligible,0,,Proscribed 12/48,,,
1969,Kuwait,Negligible,0,,,,,
1969,Laos,Unknown,N/A,,Neutral,,,
1969,Lebanon,6000 (est) 3,6000,,Proscribed 1939,Open split,,
1969,Lesotho,Negligible,0,,,Unknown,,
1969,Liberia,Nil,0,,,,,
1969,Libya,Negligible,0,,,Unknown,,
1969,Luxembourg,500 (est),500,,,Pro-Soviet,,
1969,Malagasy Republic,Negligible,0,,,Pro-Soviet,,
1969,Malawi,Nil,0,,,,,
1969,Malaysia,2000 (est),2000,,Proscribed 7/48,Pro-Chinese,,
1969,Maldive Islands,Nil,0,,,,,
1969,Mali,Nil,0,,,,,
1969,Malta,Nil,0,,,,,
1969,Martinique,700 (est),700,,,Pro-Soviet,,
1969,Mauritania,Nil,0,,,,,
1969,Mauritius,Negligible,0,,,Unknown,,
1969,Mexico,5250 (est) 2,5250,,,Open split,,
1969,"Mongolia, Outer",48570 (claim),48570,,In power,Pro-Soviet,,
1969,Morocco,600 (est),600,,See text,Neutral,,
1969,Mozambique (See Portuguese Africa),Nil,0,,,,,
1969,Namibia (South West Africa),Nil,0,,,,,
1969,Nepal,8000 (est),8000,,All parties proscribed 1960,Internal factions,,
1969,The Netherlands,11500 (est),11500,,,Independent,,
1969,Netherlands Realm Members (Western Hemisphere) Listed Separately,,,,,,,
1969,New Zealand,400 (est) 2,400,,,Open split,,
1969,Nicaragua,200 (est),200,,Proscribed 1945,Pro-Soviet,,
1969,Niger,Nil,0,,,,,
1969,Nigeria,Less than 1000 (est) (see text),500,,All parties proscribed 1967,Unknown,,
1969,Norway,2500 (est),2500,,,Independent,,
1969,Pakistan,1450 (est),1450,,Proscribed 7/54,Internal factions,,
1969,Panama,250 (est),250,,Proscribed 12/53,Pro-Soviet,,
1969,Paraguay,5000 (est) 2,5000,,Proscribed 10/36,Open split,,
1969,Peoples Republic of South Yemen,Negligible,0,,,Unknown,,
1969,Persian Gulf States,Negligible,0,,,Unknown,,
1969,Peru,5000 (est) 2,5000,,Proscribed,Open split,,
1969,Philippines,2000 (est),2000,,Proscribed 6/57,Neutral,,
1969,Poland,2030068,2030068,,In power,Pro-Soviet,,
1969,Portugal,2000 (est),2000,,Proscribed,Open split,,
1969,Portuguese Africa,Nil,0,,,,,
1969,Reunion,500 (est),500,,,Independent,,
1969,Rio Muni (See Spanish Africa),Nil,0,,,,,
1969,Romania,1800000 (claim),1800000,,In power,Independent,,
1969,Rwanda,Nil,0,,,,,
1969,San Marino -- Part of Italian Party,,,,,,,
1969,Saudi Arabia,Negligible,0,,,,,
1969,Senegal,Nil,0,,,,,
1969,Sierra Leone,Nil,0,,,,,
1969,Singapore,200 (est),200,,Proscribed 1948,Pro-Chinese,,
1969,Somali Republic,Nil,0,,,,,
1969,South Africa,(see text),N/A,,Proscribed 6/50,Pro-Soviet,,"""Perhaps a few hundred hard-core members still remain in South Africa"""
1969,Southern Rhodesia,Nil,0,,,,,
1969,South West Africa (see Namibia),,,,,,,
1969,Spain,5000 (est) 2,5000,,Proscribed 2/39,Open split,,
1969,Spanish Sahara,Nil,0,,,,,
1969,Sudan,7500 (est) (see text),7500,,Proscribed 12/65,Pro-Soviet,,
1969,Surinam,Nil,0,,,,,
1969,Swaziland,Nil,0,,,,,
1969,Sweden,29000 (est),29000,,,Independent,,
1969,Switzerland,4000 (est) 2,4000,,,Open split,,
1969,Syria,3000 (est) 2,3000,,Proscribed 1939,Open split (see text),,
1969,Tanzania,Nil,0,,,,,
1969,Thailand,2500,2500,,Proscribed 11/52,Pro-Chinese,,
1969,Togo,Nil,0,,,,,
1969,Trinidad and Tobago,Negligible,0,,,,,
1969,Tunisia,100 (est),100,,Proscribed 1/63,Pro-Soviet,,
1969,Turkey,1250 (est),1250,,Proscribed 1925,Pro-Soviet,,
1969,Uganda,Nil,0,,,,,
1969,USSR,13500000 (claim),13500000,,In power,(Soviet),,
1969,United Arab Republic,Nil (see text),0,,Proscribed,,,
1969,UK,32562 (claim),32562,,,Pro-Soviet,,
1969,Upper Volta,Nil,0,,,,,
1969,Uruguay,21000 (est),21000,,,Pro-Soviet,,
1969,Venezuela,5000 (est),5000,,"""Suspended"" 5/62",Pro-Soviet,,
1969,"Vietnam, North",766000 (claim),766000,,In power,Neutral,,
1969,"Vietnam, South",No estimate available (see text),N/A,,Proscribed 10/56,Neutral,,
1969,Yemen,Negligible,0,,,,,
1969,The Peoples Republic of South Yemen (See Arabian Peninsula),,,,,,,
1969,Yugoslavia,1013500,1013500,,In power,Independent,,
1969,Zambia,Nil,0,,,,,
1970,Afghanistan,400 (est) (see text),400,,,Pro-Soviet,,
1970,Albania,50000 (est),50000,,In power,Pro-Chinese,,
1970,Algeria,750 (est),750,,Proscribed 1963,Pro-Soviet,,
1970,Angola,Nil,0,,,,,
1970,Antilles (Netherlands),Nil,0,,,,,
1970,Argentina,55000,55000,,All parties dissolved 1966,Pro-Soviet,,
1970,Australia,4700 (est) 2,4700,,,(see text),,
1970,Austria,25000 (est) 2,25000,,,Open split,,
1970,Bahrain,Negligible,0,,,,,
1970,Barbados,None,0,,,,,
1970,Belgium,12500 (est) 2,12500,,,Open split,,
1970,"Berlin, West",6000,6000,,,Pro-Soviet,,
1970,Bolivia,5000 (est) 3 (see text),5000,,Proscribed 1967,Open split,,
1970,Botswana,Nil,0,,,,,
1970,Brazil,16000 (est) 4 (see text),16000,,Proscribed 1947,Open split,,
1970,Bulgaria,637300 (claim),637300,,In power,Pro-Soviet,,
1970,Burma,(see text),N/A,,Proscribed 10/63,(see text),,"""No estimate available"""
1970,Burundi,Nil,0,,,,,
1970,Cambodia,100 (est) (see text),100,,,Unknown,,
1970,Cameroon,Nil,0,,,,,
1970,Canada,2500 (est),2500,,,Pro-Soviet,,
1970,Central African Republic,Nil,0,,,,,
1970,Ceylon,2300 (est) 2,2300,,,Open split,,
1970,Chad,Nil,0,,,,,
1970,Chile,45000,45000,,,Pro-Soviet,,
1970,"China, Communist",17000000 (claim),17000000,,In power,(Chinese),,
1970,"China, Republic of",Negligible,0,,Proscribed 7/47,,,
1970,Colombia,9000 (est) 2,9000,,,Open split,,
1970,Comoro Islands,Nil,0,,,,,
1970,Congo (Brazzaville),Nil,0,,,,,
1970,Congo (Kinshasa),Negligible,0,,,,,
1970,Costa Rica,600 (est),600,,Proscribed,Pro-Soviet,,
1970,Cuba,120000 (claim),120000,,In power,Independent,,
1970,Cyprus,13000 (est),13000,,,Pro-Soviet,,
1970,Czechoslovakia,1650000,1650000,,In power,Pro-Soviet,,
1970,Dahomey,Nil,0,,,,,
1970,Denmark,6000 (est),6000,,,Pro-Soviet,,
1970,Dominican Republic,1100 (est) 6,1100,,Proscribed,(see text),,
1970,Ecuador,1650 (est) 2,1650,,Proscribed,Open split,,
1970,Egypt (see UAR),,,,,,,
1970,El Salvador,200 (est),200,,Proscribed,Pro-Soviet,,
1970,Ethiopia,Nil,0,,All parties,,,
1970,Finland,46700 (claim),46700,,,Pro-Soviet,,
1970,France,275000 (est) 2,275000,,,Open split,,
1970,French Overseas Departments listed separately,,,,,,,
1970,French Territory of the Afars and Issas (FTAI),Nil,0,,,,,
1970,Gabon,Nil,0,,,,,
1970,Gambia,Nil,0,,,,,
1970,"Germany, East",1769900 (claim),1769900,,In power,Pro-Soviet,,
1970,"Germany, West",8000 (est) 2 (see text),8000,,(see text),Open split,,
1970,Ghana,Nil,0,,,,,
1970,Greece,28000 (est) 2 (see text),28000,,Proscribed 12/47,Pro-Soviet,,
1970,Guadeloupe,1500 (est),1500,,,Probably Pro-Soviet,,
1970,Guatemala,750 (est),750,,Proscribed,Pro-Soviet,,
1970,"Guiana, French",Negligible,0,,,Unknown,,
1970,Guinea,Nil,0,,,,,
1970,"Guinea, Equatorial",Nil,0,,,,,
1970,"Guinea, Portuguese",Nil,0,,,,,
1970,Guyana,100 (see text),100,,,Pro-Soviet,,
1970,Haiti,Unknown,N/A,,Proscribed 2/48,Pro-Soviet,,
1970,Honduras,300 (est) 2,300,,Proscribed,Pro-Soviet,,
1970,Hong Kong,Part of Chinese Party,N/A,,Proscribed 1949,,,
1970,Hungary,600000 (claim),600000,,In power,Pro-Soviet,,
1970,Iceland,1000 (est),1000,,,Pro-Soviet,,
1970,India,124000 (est) 3 (see text),124000,,,(see text),,
1970,Indonesia,(see text),N/A,,Proscribed 3/66,Unknown,,
1970,Iran,500 (est),500,,Proscribed 1949,Pro-Soviet,,
1970,Iraq,2000 (est),2000,,Proscribed 1/60,Internal factions (see text),,
1970,Ireland,125 (est),125,,,Pro-Soviet,,
1970,Israel,2000 (est) 2 (see text),2000,,,(see text),,
1970,Italy,1500000 (est) 2,1500000,,,Open split,,
1970,Ivory Coast,Nil,0,,,,,
1970,Jamaica,Negligible,0,,,,,
1970,Japan,250000 (est),250000,,,Independent,,
1970,Jordan,700 (est),700,,All parties proscribed 1957,Pro-Soviet,,
1970,Kenya,Nil,0,,,,,
1970,"Korea, North",1600000 (claim),1600000,,In power,Neutral,,
1970,"Korea, South",Nil,0,,Proscribed 12/48,,,
1970,Kuwait,Negligible,0,,,,,
1970,Laos,Unknown,N/A,,,Neutral,,
1970,Lebanon,1500 (est) 3 (see text),1500,,Proscribed 1939,Open split,,
1970,Lesotho (see Botswana),Negligible,0,,,Unknown,,
1970,Liberia,Nil,0,,,,,
1970,Libya,Negligible,0,,,Unknown,,
1970,Luxembourg,500 (est),500,,,Pro-Soviet,,
1970,Malagasy Republic,Negligible,0,,,Pro-Soviet,,
1970,Malawi,Nil,0,,,,,
1970,Malaysia,2000 (est),2000,,Proscribed 7/48,Pro-Chinese,,
1970,Maldive Islands,Nil,0,,,,,
1970,Mali,Nil,0,,,,,
1970,Malta,Nil,0,,,,,
1970,Martinique,1300 (est),1300,,,Pro-Soviet,,
1970,Mauritania,Nil,0,,,,,
1970,Mauritius,Negligible,0,,,Unknown,,
1970,Mexico,5000 (est),5000,,,,,
1970,"Mongolia, Outer",48600 (claim),48600,,In power,Pro-Soviet,,
1970,Morocco,400 (est),400,,Proscribed,Neutral,,
1970,Mozambique (See Portuguese Africa),Nil,0,,,,,
1970,Namibia (South West Africa),Nil,0,,,,,
1970,Nepal,9000 (est),9000,,All parties proscribed 1960,Internal factions,,
1970,The Netherlands,11000 (est),11000,,,Independent,,
1970,Netherlands Realm Members (Western Hemisphere) Listed Separately,,,,,,,
1970,New Zealand,400 (est) 2,400,,,,,
1970,Nicaragua,200 (est),200,,Proscribed 1945,Pro-Soviet,,
1970,Niger,Nil,0,,,,,
1970,Nigeria,Less than 1000 (est) (see text),500,,All parties proscribed 1967,Pro-Soviet,,
1970,Norway,2500 (est),2500,,,Pro-Soviet,,"[Technically says ""2,5000"" lol]"
1970,Pakistan,1450 (est),1450,,Proscribed 7/54,Internal factions,,
1970,Panama,250 (est),250,,Proscribed 12/53,Pro-Soviet,,
1970,Paraguay,4500 (est) 2,4500,,Proscribed 10/36,Open split,,
1970,Peoples Republic of South Yemen,Negligible,0,,,Unknown,,
1970,Persian Gulf States,Negligible,0,,,,,
1970,Peru,5000 (est) 2,5000,,Proscribed,Open split,,
1970,Philippines,2000 (est),2000,,Proscribed 6/57,Neutral,,
1970,Poland,2030000 (claim),2030000,,In power,Pro-Soviet,,
1970,Portugal,2000 (est),2000,,Proscribed,Open split,,
1970,Portuguese Africa,Nil,0,,,,,
1970,Reunion,500 (est),500,,,Independent,,
1970,Romania,1924 (claim),1924000,,In power,Independent,,"[It says ""1,924"" but I feel like it has to be 1,924,000 unless they suddenly lost like 2 million members…]"
1970,Rwanda,Nil,0,,,,,
1970,San Marino -- Part of Italian Party,,,,,,,
1970,Saudi Arabia,Negligible,0,,,Unknown,,
1970,Senegal,Negligible,0,,Proscribed (see text),,,
1970,Sierra Leone,Nil,0,,,,,
1970,Singapore,200 (est),200,,Proscribed 1948,Pro-Chinese,,
1970,Somali Republic,Nil,0,,,,,
1970,South Africa,100 (see text),100,,Proscribed 6/50,Pro-Soviet,,
1970,Southern Rhodesia,Nil,0,,,,,
1970,South West Africa (see Namibia),,,,,,,
1970,Spain,5000 (est) 2,5000,,Proscribed 2/39,Open split,,
1970,Spanish Sahara,Nil,0,,,,,
1970,Sudan,7500 (est) (see text),7500,,Proscribed 12/65,Pro-Soviet,,
1970,Surinam,Nil,0,,,,,
1970,Swaziland (see Botswana),Nil,0,,,,,
1970,Sweden,24000 (est),24000,,,Independent,,
1970,Switzerland,4500 (est) 2,4500,,,Open split,,
1970,Syria,3000 (est) 2,3000,,Proscribed 1939,Open split,,
1970,Tanzania,Nil,0,,,,,
1970,Thailand,1000,1000,,Proscribed 11/52,Pro-Chinese,,
1970,Togo,Nil,0,,,,,
1970,Trinidad and Tobago,Negligible,0,,,,,
1970,Tunisia,100 (est),100,,Proscribed 1/63,Pro-Soviet,,
1970,Turkey,1250 (est),1250,,Proscribed 1925,Pro-Soviet,,
1970,Uganda,Nil,0,,,,,
1970,USSR,14000000 (claim),14000000,,In power,(Soviet),,
1970,United Arab Republic,Nil (see text),0,,Proscribed,,,
1970,UK,30600 (est),30600,,,Pro-Soviet,,
1970,Upper Volta,Nil,0,,,,,
1970,Uruguay,20000 (est) (see text),20000,,,Pro-Soviet,,
1970,Venezuela,8000 (est),8000,,Legalized 12/68,Pro-Soviet,,
1970,"Vietnam, North",766000 (claim),766000,,In power,Neutral,,
1970,"Vietnam, South",No estimate available (see text),N/A,,Proscribed 10/56,Neutral,,
1970,Yemen,Negligible,0,,,,,
1970,Yugoslavia,1146100,1146100,,In power,Independent,,
1970,Zambia,Nil,0,,,,,
1971,Afghanistan,400 e (see text),400,,,Pro-Soviet,,
1971,Albania,75670 c,75670,,In power,Pro-Chinese,,
1971,Algeria,400 e,400,,Proscribed 63,Pro-Soviet,,
1971,Angola,Nil,0,,,,,
1971,Antilles (Netherlands),Nil,,,,,,
1971,Argentina,60000 (estimate),60000,,All parties dissolved 66,Pro-Soviet,,
1971,Australia,3900 e 2,3900,,,(see text),,
1971,Bahrain,Negligible,0,,,,,
1971,Barbados,Nil,0,,,,,
1971,Belgium,12500 e 2,12500,,,Open split,,
1971,West Berlin,6000,6000,,,Pro-Soviet,,
1971,Bolivia,4500 e 3 (see text),4500,,Proscribed 67,Open split,,
1971,Botswana,Nil,0,,,,,
1971,Brazil,14000 e 4 (see text),14000,,Proscribed 47,Open split,,
1971,Bulgaria,637300 c,637300,,In power,Pro-Soviet,,
1971,Burma,(see text),N/A,,Proscribed 10/63,Pro-Chinese,,
1971,Burundi,Nil,0,,,,,
1971,Cambodia,(see text),1000,,,,,
1971,Cameroon,Nil,0,,,,,
1971,Canada,2000 e,2000,,,Pro-Soviet,,
1971,Central African Republic,Nil,0,,,,,
1971,Ceylon,2300 e 2,2300,,,open split,,
1971,Chad,Nil,0,,,,,
1971,Chile,45000 e,45000,,,soviet,,
1971,China,17000000 c,17000000,,in power,,,
1971,Taiwan,Negligible,0,,proscribed 7/47,,,
1971,Colombia,9000 e 2,9000,,,open split,,
1971,Comoro Islands,Nil,0,,,,,
1971,Congo (Brazzaville),Nil,0,,,,,
1971,Congo (Kinshasa),Negligible,0,,,,,
1971,Council of the Entente,Nil,0,,,,,
1971,Costa Rica,1000 e,1000,,proscribed,soviet,,
1971,Cuba,125000 c,125000,,in power,independent,,
1971,Cyprus,13000 e,13000,,,soviet,,
1971,Czechoslovakia,1200000 e,1200000,,in power,soviet,,
1971,Dahomey,Nil,0,,,,,
1971,Denmark,5000 e,5000,,,soviet,,
1971,Dominican Republic,1680 e 6,1680,,proscribed,(see text),,
1971,Ecuador,1250 e 2,1250,,proscribed,open split,,
1971,Egypt (see UAR),Negligible (see text),0,,proscribed (see text),,,
1971,El Salvador,100 e,100,,proscribed,soviet,,
1971,Ethiopia,Nil,0,,,,,
1971,Finland,47000 c,47000,,,soviet,,
1971,France,275000 e 2,275000,,,open split,,
1971,French Territory of the Afars and Issas (FTAI),Nil,0,,,,,
1971,Gabon,Nil,0,,,,,
1971,Gambia,Nil,0,,,,,
1971,East Germany,1900000 c,1900000,,in power,soviet,,
1971,West Germany,22500 e 2 (see text),22500,,(see text),open split,,
1971,Ghana,Nil,0,,,,,
1971,Greece,28000 e 2 (see text),28000,,proscribed 12/47,soviet,,
1971,Guadeloupe,1500 e ,1500,,,probably pro-soviet,,
1971,Guatemala,750 e,750,,proscribed,soviet,,
1971,French Guiana,Negligible,0,,,unknown,,
1971,Guinea,Nil,0,,,,,
1971,Equatorial Guinea,Nil,0,,,,,
1971,Guinea-Bissau,Nil,0,,,,,
1971,Guyana,100 (see text),100,,,soviet,,
1971,Haiti,Unknown,N/A,,proscribed 2/48,soviet,,
1971,Honduras,300 e 2 (see text),300,,proscribed,soviet,,
1971,Hong Kong,Part of Chinese Party,N/A,,proscribed 49,,,
1971,Hungary,662400 c,662400,,in power,soviet,,
1971,Iceland,1000 e,1000,,,soviet,,
1971,India,144500 e 3 (see text),144500,,,(see text),,
1971,Indonesia,(see text),3000,,proscribed 3/66,unknown,,
1971,Iran,500 e,500,,proscribed 49,soviet,,
1971,Iraq,2000 e,2000,,proscribed 1/60,internal factions (see text),,
1971,Ireland,200 e,200,,,soviet,,
1971,Israel,2000 e 2 see text,1000,,,(see text),,
1971,Palestine,1000,1000,,,,,
1971,Italy,1500000 e,1500000,,,open split,,
1971,Ivory Coast,Nil,0,,,,,
1971,Jamaica,Negligible,0,,,,,
1971,Japan,300000 e,300000,,,independent,,
1971,Jordan,700 e,700,,all parties dissolved 57,soviet,,
1971,Kenya,Nil,0,,,,,
1971,North Korea,1600000 c,1600000,,in power,neutral,,
1971,South Korea,Nil,0,,proscribed 12/48,,,
1971,Kuwait,Negligible,0,,,,,
1971,Laos,13000 e,13000,,,neutral,,
1971,Lebanon,1500 e 3 (see text),1500,,,open split,,
1971,Lesotho,Negligible,0,,,unknown,,
1971,Liberia,Nil,0,,,,,
1971,Libya,Negligible,0,,,unknown,,
1971,Luxembourg,500 e,500,,,soviet,,
1971,Madagascar,Negligible,0,,,,,
1971,Malawi,Nil,0,,,,,
1971,Malaysia,2000 e,2000,,proscribed 7/48,chinese,,
1971,Maldive Islands,Nil,0,,,,,
1971,Mali,Nil,0,,,,,
1971,Malta,100,100,,,soviet,,
1971,Martinique,1300 e,1300,,,soviet,,
1971,Mauritania,Nil,0,,,,,
1971,Mauritius,Negligible,0,,,unknown,,
1971,Mexico,5000 e,5000,,,,,
1971,Mongolia,48600 c,48600,,in power,soviet,,
1971,Morocco,300 e,300,,proscribed,neutral,,
1971,Mozambique,Nil,0,,,,,
1971,Namibia (South West Africa),Nil,0,,,,,
1971,Nepal,9000 e,9000,,all parties proscribed 60,internal factions,,
1971,Netherlands,11000 e,11000,,,independent,,
1971,New Zealand,300 e 2,300,,,open split,,
1971,Nicaragua,100 e,100,,proscribed 45,soviet,,
1971,Niger,Nil,0,,,,,
1971,Nigeria,Less than 1000 e (see text),500,,all parties proscribed 66,soviet,,
1971,Norway,2000 e,2000,,,soviet,,
1971,Pakistan,1450 e,1450,,proscribed 7/54,internal factions,,
1971,Panama,125 e,125,,proscribed 12/53,soviet,,
1971,Paraguay,4500 e 2,4500,,proscribed 10/36,open split,,
1971,People's Democratic Republic of Yemen,Negligible,0,,,unknown,,
1971,Persian Gulf States,Negligible,0,,,unknown,,
1971,Peru,3200 e 2,3200,,(see text),open split,,
1971,Philippines,2000 e,2000,,proscribed 6/57,(see text),,
1971,Poland,2296000 c,2296000,,in power,soviet,,
1971,Portugal,2000 e 2,2000,,proscribed,open split,,
1971,Portuguese Africa,Nil,0,,,,,
1971,Reunion,500 e,500,,,independent,,
1971,Romania,1999700,1999700,,in power,independent,,
1971,Rwanda,Nil,0,,,,,
1971,San Marino -- Part of Italian Party,,,,,,,
1971,Saudi Arabia,Negligible,0,,,unknown,,
1971,Senegal,Negligible,0,,proscribed (see text),unknown,,
1971,Seychelles,Nil,0,,,,,
1971,Sierra Leone,Nil,0,,,,,
1971,Singapore,200 e,200,,proscribed 48,chinese,,
1971,Somalia,Nil,0,,,,,
1971,South Africa,100 (see text),100,,proscribed 6/50,soviet,,
1971,South West Africa (see Namibia),,,,,,,
1971,Southern Rhodesia,Nil,0,,,,,
1971,Spain,5000 e 2,5000,,proscribed 2/39,open split,,
1971,Spanish Sahara,Nil,0,,,,,
1971,Sudan,7500 e (see text),7500,,(see text),soviet,,
1971,Suriname,Nil,0,,,,,
1971,Swaziland,Nil,0,,,,,
1971,Sweden,17000 e 2,17000,,,open split,,
1971,Switzerland,3500 e 2,3500,,,open split,,
1971,Syria,3000 e 2,3000,,proscribed 39,open split,,
1971,Tanzania,Nil,0,,,,,
1971,Thailand,1000,1000,,proscribed 11/52,chinese,,
1971,Togo,Nil,0,,,,,
1971,Trinidad and Tobago,Negligible,0,,,,,
1971,Tunisia,100 e ,100,,proscribed 1/63,soviet,,
1971,Turkey,1250 e,1250,,proscribed 25,soviet,,
1971,Uganda,Nil,0,,,,,
1971,USSR,14254000 c,14254000,,in power,,,
1971,United Arab Republic,Negligible (see text),0,,proscribed (see text),,,
1971,UK,32000 e,32000,,,soviet,,
1971,Upper Volta,Nil,0,,,,,
1971,Uruguay,20000 e (see text),20000,,,soviet,,
1971,Venezuela,8000 e 2 (see text),8000,,legalized 12/68,soviet,,
1971,North Vietnam,1100000 c,1100000,,in power,neutral,,
1971,South Vietnam,No estimate available (see text),N/A,,proscribed 10/56,neutral,,
1971,North Yemen,Negligible,0,,,,,
1971,Yugoslavia,1146100,1146100,,in power,independent,,
1971,Zambia,Nil,0,,,,,
1972,Afghanistan,400 (est) (see text),400,,,Pro-Soviet,,
1972,Albania,87000 (claim),87000,,In power,Pro-Chinese,,
1972,Algeria,400 (est),400,,Proscribed 1962,Pro-Soviet,,
1972,Angola,Nil,0,,,,,
1972,Antilles (Netherlands),Nil,0,,,,,
1972,Argentina,60000 (est),60000,,All parties dissolved 1966,Pro-Soviet,,
1972,Australia,3900 (est) 2,3900,,,(see text),,
1972,Austria,25000 (est) 2,25000,,,Open split,,
1972,Bahrain,Nil,0,,,,,
1972,Barbados,Nil,0,,,,,
1972,Belgium,12500 (est) 2,12500,,,Open split,,
1972,"Berlin, West",6000 (est),6000,,,Pro-Soviet,,
1972,Bolivia,2800 (est) 3 (See text),2800,,Proscribed 1967,Open split,,
1972,Botswana,Nil,0,,,,,
1972,Brazil,13000 (est) 3 (see text),13000,,Proscribed 1947,Open split,,
1972,Bulgaria,700000 (claim),700000,,In power,Pro-Soviet,,
1972,Burma,(see text),N/A,,Proscribed 10/63,Pro-Chinese,,"""No estimate available"""
1972,Burundi,Nil,0,,,,,
1972,Cambodia,(see text),N/A,,,Pro-Chinese,,
1972,Cameroon,Nil,0,,,,,
1972,Canada,2000 (est),2000,,,Pro-Soviet,,
1972,Central African Republic,Nil,0,,,,,
1972,Ceylon,4000 (est) 2,4000,,,Open split,,
1972,Chad,Nil,0,,,,,
1972,Chile,90000 (est),90000,,,Pro-Soviet,,
1972,"China, People's Republic of",17000000 (claim),17000000,,In power,(Chinese),,
1972,"China, Republic of",Negligible,0,,Proscribed 7/47,,,
1972,Colombia,11000 (est) 2,11000,,,Open split,,
1972,Comoro Islands,Nil,0,,,,,
1972,Congo (Brazzaville),Nil,0,,,,,
1972,Congo (Kinshasa) (See Zaire),,,,,,,
1972,Costa Rica,1000 (est),1000,,Proscribed,Pro-Soviet,,
1972,"Council of the Entente (See also Dahomey, Ivory Coast, Niger, Togo, Upper Volta)",Nil,0,,,,,
1972,Cuba,125000 (claim),125000,,In power,Independent,,
1972,Cyprus,13000 (est),13000,,,Pro-Soviet,,
1972,Czechoslovakia,1200000 (est),1200000,,In power,Pro-Soviet,,
1972,Dahomey (See Council of the Entente),Nil,0,,,,,
1972,Denmark,5000 (est),5000,,,Pro-Soviet,,
1972,Dominican Republic,1400 (est) 6,1400,,Proscribed,(see text),,
1972,Ecuador,1200 (est) 2,1200,,Proscribed,Open split,,
1972,Egypt,(see text),0,,Proscribed,,,
1972,El Salvador,100 (est),100,,Proscribed,Pro-Soviet,,
1972,Ethiopia,Nil,0,,,,,
1972,Finland,47000 (claim),47000,,,Pro-Soviet,,
1972,France,275000 (est) 2,275000,,,(see text),,
1972,"French Overseas Departments (See Guiana, French; Guadeloupe; Martinique)",,,,,,,
1972,French Territory of the Afars and Issas (FTAI),Nil,0,,,,,
1972,Gabon,Nil,0,,,,,
1972,Gambia,Nil,0,,,,,
1972,"Germany, East",1909800 (claim),1909800,,In power,Pro-Soviet,,
1972,"Germany, Federal Republic of",33400 (est) 2 (see text),33400,,(see text),Open split,,
1972,Ghana,Nil,0,,,,,
1972,Greece,28000 (est) 2 (see text),28000,,Proscribed 12/47,Pro-Soviet,,
1972,Guadeloupe,2000 (est),2000,,,Probably Pro-Soviet,,
1972,Guatemala,750 (est),750,,Proscribed,Pro-Soviet,,
1972,"Guiana, French",Negligible,0,,,Unknown,,
1972,Guinea,Nil,0,,,,,
1972,"Guinea, Equatorial",Nil,0,,,,,
1972,"Guinea, Portuguese",Nil,0,,,,,
1972,Guyana,100 (see text),100,,,Pro-Soviet,,
1972,Haiti,Unknown,N/A,,Proscribed 2/48,Pro-Soviet,,
1972,Honduras,300 (est) 2 (see text),300,,Proscribed,Pro-Soviet,,
1972,Hong Kong,Part of Chinese Party,N/A,,Proscribed 1949,,,
1972,Hungary,693000 (claim),693000,,In power,Pro-Soviet,,
1972,Iceland,1500 (est),1500,,,Pro-Soviet,,
1972,India,162000 (est) 3 (see text),162000,,,(see text),,
1972,Indonesia,(see text),N/A,,Proscribed 3/66,Unknown,,
1972,Iran,500 (est),500,,Proscribed 1949,Pro-Soviet,,
1972,Iraq,2000 (est),2000,,Proscribed 1/60,Internal factions,,
1972,Ireland,300 (est),300,,,Pro-Soviet,,
1972,Israel,2000 (est) 2 (see text),2000,,,(see text),,
1972,Italy,1521000 (est) 2,1521000,,,Open split,,
1972,Ivory Coast,Nil,0,,,,,
1972,Jamaica,Negligible,0,,,,,
1972,Japan,300000 (est),300000,,,Independent,,
1972,Jordan,500 (est),500,,All parties dissolved 1957,Open split (see text),,
1972,Kenya,Nil,0,,,,,
1972,"Korea, North",1600000 (claim),1600000,,In power,Neutral,,
1972,"Korea, South",Nil,0,,Proscribed 12/48,,,
1972,Kuwait,Negligible,0,,,,,
1972,Laos,13000 (est),13000,,,Neutral,,
1972,Lebanon,1500 (est) 3 (see text),1500,,,Open split,,
1972,Lesotho (see Botswana),Negligible,0,,,Unknown,,
1972,Liberia,Nil,0,,,,,
1972,Libya,Nil,0,,,,,
1972,Luxembourg,500 (est),500,,,Pro-Soviet,,
1972,Malagasy Republic,Negligible,0,,,Pro-Soviet,,
1972,Malawi,Negligible,0,,,,,
1972,Malaysia,2000 (est),2000,,Proscribed 7/48,Pro-Chinese,,
1972,Maldive Islands,Nil,0,,,,,
1972,Mali,Nil,0,,,,,
1972,Malta,100,100,,,Pro-Soviet,,
1972,Martinique,1000 (est),1000,,,Pro-Soviet,,
1972,Mauritania,Nil,0,,,,,
1972,Mauritius,Negligible,0,,,Unknown,,
1972,Mexico,5000 (est),5000,,,(see text),,
1972,Mongolian People's Republic,58000 (claim),58000,,In power,Neutral,,
1972,Morocco,300 (est),300,,Proscribed,Neutral,,
1972,Mozambique (See Portuguese Africa),Nil,0,,,,,
1972,Nepal,10000 (est) (see text),10000,,All parties proscribed 1960,Internal factions,,
1972,Netherlands,10000 (est),10000,,,Independent,,
1972,Netherlands Realm Members (Western Hemisphere) Listed Separately,,,,,,,
1972,New Zealand,300 (est) 2,300,,,Open split,,
1972,Nicaragua,100 (est),100,,Proscribed 1945,Pro-Soviet,,
1972,Niger (See Council of the Entente),Nil,0,,,,,
1972,Nigeria,Less than 1000 (est) (see text),500,,All parties proscribed 1966,Pro-Soviet,,
1972,Norway,2250 (est),2250,,,Neutral,,
1972,Pakistan,1750 (est),1750,,Proscribed 7/54,Internal factions,,
1972,Panama,250 (est),250,,Proscribed 12/53,Pro-Soviet,,
1972,Paraguay,4500 (est) 2,4500,,Proscribed 10/36,Open split,,
1972,People's Democratic Republic of Yemen,Negligible,0,,,Unknown,,
1972,Peru,3200 (est) 2,3200,,(see text),Open split,,
1972,Philippines,1850 (est) (see text),1850,,Proscribed 6/57,(see text),,
1972,Poland,2270000 (claim),2270000,,In power,Pro-Soviet,,
1972,Portugal,2000 (est) 2,2000,,Proscribed,(See text),,
1972,Portuguese Africa,Nil,0,,,,,
1972,Qatar,Nil,0,,,,,
1972,Reunion,500 (est),500,,,Independent,,
1972,Romania,2175000 (claim),2175000,,In power,Independent,,
1972,Rwanda,Nil,0,,,,,
1972,San Marino -- Part of Italian Party,,,,,,,
1972,Saudi Arabia,Negligible,0,,,Unknown,,
1972,Senegal,Negligible,0,,Proscribed (see text),Unknown,,
1972,Seychelles,Nil,0,,,,,
1972,Sierra Leone,Nil,0,,,,,
1972,Singapore,200 (est),200,,Proscribed 1948,Pro-Chinese,,
1972,Somalia,Nil,0,,,,,
1972,South Africa,100 (see text),100,,Proscribed 6/50,Pro-Soviet,,
1972,South West Africa (see Namibia),Nil,0,,,,,
1972,Southern Rhodesia,Nil,0,,,,,
1972,Spain,5000 (est) 2,5000,,Proscribed 2/39,Independent (see text),,
1972,Spanish Sahara,Nil,0,,,,,
1972,Sudan,7500 (est) (see text),7500,,(see text),Pro-Soviet,,
1972,Surinam,Nil,0,,,,,
1972,Swaziland (see Botswana),Nil,0,,,,,
1972,Sweden,17000 (est) 2,17000,,,Open split,,
1972,Switzerland,3500 (est) 2,3500,,,Open split,,
1972,Syria,3000 (est) 2,3000,,Proscribed 1939,Open split,,
1972,Tanzania,Nil,0,,,,,
1972,Thailand,1000 (est),1000,,Proscribed 11/52,Pro-Chinese,,
1972,Togo (see Council of the Entente),Nil,0,,,,,
1972,Trinidad and Tobago,Negligible,0,,,,,
1972,Tunisia,100 (est),100,,Proscribed 1/63,Pro-Soviet,,
1972,Turkey,1250 (est),1250,,Proscribed 1925,Pro-Soviet,,
1972,Uganda,Nil,0,,,,,
1972,USSR,14455000 (claim),14455000,,In power,(Soviet),,
1972,United Arab Emirates,Nil,0,,,,,
1972,UK,29000 (est),29000,,,Pro-Soviet,,
1972,Upper Volta,Nil,0,,,,,
1972,Uruguay,20000 (est) (see text),20000,,,Pro-Soviet,,
1972,Venezuela,8000 (est) 2 (see text),8000,,Legalized 12/68,Pro-Soviet,,
1972,"Vietnam, North",1100000 (claim),1100000,,In power,Neutral,,
1972,"Vietnam, South",No estimate available (see text),N/A,,Proscribed 10/56,Neutral,,
1972,Yemen,Negligible,0,,,,,
1972,Yugoslavia,1049000 (claim),1049000,,In power,Independent,,
1972,Zaire,Negligible,0,,,,,
1972,Zambia,Nil,0,,,,,
1973,Afghanistan,400 (est) (see text),400,,,Pro-Soviet,,
1973,Albania,87000 (claim),87000,,In power,Pro-Chinese,,
1973,Algeria,400 (est),400,,Proscribed 1962,Pro-Soviet,,
1973,Argentina,70000 (est),70000,,All parties dissolved 1966,Pro-Soviet,,
1973,Australia,3900 (est) 2,3900,,,(See text),,
1973,Austria,25000 (est) 2,250000,,,Open split,,
1973,Bangladesh,2500 (est) 5 (see text),2500,,,(See text),,
1973,Belgium,12500 (est) 2,12500,,,Open split,,
1973,"Berlin, West",8000 (est),8000,,,Pro-Soviet,,
1973,Bolivia,3200 (est) 4 (see text),3200,,Proscribed 1967,Open split,,
1973,Brazil,7000 (est) 2 (see text),7000,,Proscribed 1947,Open split,,
1973,Bulgaria,700000 (claim),700000,,In power,Pro-Soviet,,
1973,Burma,No estimate available,N/A,,Proscribed 10/63,Pro-Chinese,,
1973,Cambodia (See Khmer Republic),,,,,,,
1973,Canada,1800 (est) 2,1800,,,Open split,,
1973,Chile,120000 (est),120000,,,Pro-Soviet,,
1973,"China, People's Republic of",17000000 (claim),17000000,,In power,(Chinese),,
1973,Colombia,11000 (est) 2,11000,,,Open split,,
1973,Costa Rica,1000 (est),1000,,Proscribed,Pro-Soviet,,
1973,Cuba,125000 (claim),125000,,In power,Pro-Soviet,,
1973,Cyprus,13000 (est),13000,,,Pro-Soviet,,
1973,Czechoslovakia,1200000 (est),1200000,,In power,Pro-Soviet,,
1973,Denmark,6000 (est),6000,,,Pro-Soviet,,
1973,Dominican Republic,1400 (est) 6,1400,,Proscribed,(See text),,
1973,Ecuador,1200 (est) 2,1200,,Proscribed,Open split,,
1973,El Salvador,125 (est),125,,Proscribed,Pro-Soviet,,
1973,Finland,49000 (est),49000,,,Pro-Soviet,,
1973,France,275000 (est) 2,275000,,,(See text),,
1973,"French Overseas Departments (See Guiana, French; Guadeloupe; Martinique)",,,,,,,
1973,"Germany, East",1909800 (claim),1909800,,In power,Pro-Soviet,,
1973,"Germany, Federal Republic of",35000 (est) 2 (see text),35000,,(See text),Open split,,
1973,Greece,28000 (est) 2 (see text),28000,,Proscribed 12/47,Pro-Soviet,,
1973,Guadeloupe,3000 (est),3000,,,Pro-Soviet,,
1973,Guatemala,750 (est),750,,Proscribed 12/47,Pro-Soviet,,
1973,"Guiana, French",Negligible,0,,,Unknown,,
1973,Guyana,100 (see text),100,,,Pro-Soviet,,
1973,Haiti,Unknown,N/A,,Proscribed 2/48,Pro-Soviet,,
1973,Honduras,300 (est) 2 (see text),300,,Proscribed,Pro-Soviet,,
1973,Hungary,724000 (claim),724000,,In power,Pro-Soviet,,
1973,Iceland,2200 (est),2200,,,Pro-Soviet,,
1973,India,166000 (est) 3 (see text),166000,,,(See text),,
1973,Indonesia,(See text),N/A,,Proscribed 3/66,Unknown,,"""No meaningful estimate is available. The party has been vigorously pursued by Indonesian security forces for the past seven years and its members have been driven underground"""
1973,Iran,500 (est),500,,Proscribed 1949,Pro-Soviet,,
1973,Iraq,2000 (est),2000,,Proscribed 1/60,Internal factions (see text),,
1973,Ireland,300 (est),300,,,Pro-Soviet,,
1973,Israel,2000 (est) 2 (see text),2000,,,(See text),,
1973,Italy,1596000 (claim) 2,1596000,,,Open split,,
1973,Japan,320000 (est),320000,,,Independent,,
1973,Jordan,500 (est),500,,All parties dissolved 1957,Open split (see text),,
1973,Khmer Republic (Cambodia),(See text),N/A,,,(See text),,Basically persecuted by Khmer Rouge and driven underground
1973,"Korea, North",1600000 (claim),1600000,,In power,Neutral,,
1973,Laos,13000 (est),13000,,,Neutral,,
1973,Lebanon,2500 (est) 3 (see text),2500,,,Open split,,
1973,Lesotho,Negligible,0,,,Unknown,,
1973,Luxembourg,500 (est),500,,,Pro-Soviet,,
1973,Malagasy Republic,Negligible,0,,,Pro-Soviet,,
1973,Malaysia,2000 (est),2000,,Proscribed 7/48,Pro-Chinese,,
1973,Malta,100 (est),100,,,Pro-Soviet,,
1973,Martinique,1000 (est),1000,,,Pro-Soviet,,
1973,Mauritius,Negligible,0,,,Unknown,,
1973,Mexico,5000 (est),5000,,,(See text),,
1973,Mongolian People's Republic,58000 (claim),58000,,In power,Pro-Soviet,,
1973,Morocco,300 (est),300,,Proscribed,(See text),,
1973,Nepal,5000 (est) (see text),5000,,All parties proscribed 1960,Internal factions,,
1973,Netherlands,10000 (est),10000,,,Independent,,
1973,New Zealand,300 (est) 2,300,,,Open split,,
1973,Nicaragua,100 (est),100,,Proscribed 1945,Pro-Soviet,,
1973,Nigeria,Less than 1000 (est) (see text),500,,All parties proscribed 1966,Pro-Soviet,,
1973,Norway,2500 (est),2500,,,Neutral,,
1973,Pakistan,Negligible (see text),0,,Proscribed 7/54,(See text),,
1973,Panama,500 (est),500,,Proscribed 12/53,Pro-Soviet,,
1973,Paraguay,3500 (est) 2,3500,,Proscribed 10/36,Open split,,
1973,Peru,3200 (est) 2,3200,,(See text),Open split,,
1973,Philippines,8000 (est) (see text),8000,,Proscribed 6/57,(See text),,
1973,Poland,2270000 (claim),2270000,,In power,Pro-Soviet,,
1973,Portugal,1000 (est) 2,1000,,Proscribed,(See text),,
1973,Reunion,800 (est),800,,,Independent,,
1973,Romania,2260000 (claim),2260000,,In power,Independent,,
1973,Senegal,Negligible,0,,Proscribed,Unknown,,
1973,Singapore,200 (est),200,,Proscribed 1948,Pro-Chinese,,
1973,South Africa,100 (see text),100,,Proscribed 6/50,Pro-Soviet,,
1973,Spain,5000 (est) 2,5000,,Proscribed 2/39,Independent (see text),,
1973,Sri Lanka (Ceylon),4000 (est) 2,4000,,,Open split,,
1973,Sudan,7500 (est) (see text),7500,,(See text),Pro-Soviet,,
1973,Sweden,17000 (est) 2,17000,,,Open split,,
1973,Switzerland,3000 (est) 2,3000,,,Open split,,
1973,Syria,3000 (est) 2,3000,,Proscribed 1939,Open split,,
1973,Thailand,1000 (est),1000,,Proscribed 11/52,Pro-Chinese,,
1973,Tunisia,100 (est) ,100,,Proscribed 1/63,Pro-Soviet,,
1973,Turkey,1250 (est),1250,,Proscribed 1925,Pro-Soviet,,
1973,USSR,14700000 (claim),14700000,,In power,(Soviet),,
1973,UK,29000 (est),29000,,,Pro-Soviet,,
1973,Uruguay,22000 (est) (see text),22000,,,Pro-Soviet,,
1973,Venezuela,8000 (est) 2 (see text),8000,,Legalized 12/68,Pro-Soviet,,
1973,"Vietnam, North",1100000 (claim),1100000,,In power,Neutral,,
1973,"Vietnam, Republic of",No estimate available (see text),N/A,,Proscribed 10/56,Neutral,,
1973,Yemen,Negligible,0,,,Unknown,,
1973,Yugoslavia,1025000 (claim),1025000,,In power,Independent,,
